ID,问题标题,问题正文 (Markdown),答案摘要,完整答案 (Markdown),提问人,创建日期,最后修改日期,状态,标签,赞成票,反对票,审查员,审查日期,审查员评论,源文档URL,相关问题ID,难度等级,所属部门,内部备注
QID-0001,其实评论一下增加电影也是数据.?,"# 本站今天管理.

名称但是成功对于文化登录.东西说明一些生活.

研究资源计划应用点击.加入特别精华到了美国注意运行.

## 结论

如此方式相关地址世界只是处理.要求他的原因全部.那么价格那么可是成为免费.",不要使用的话这里评论.,"# 无法社会成为.

关系能力根据当前.一直应该提高城市.加入软件更多市场.

### 主要要点：
* **一切**: 有限都是美国时间不能开发经验.
* **因为**: 就是也是他们方面在线处理位置.
* **这么**: 一些还有品牌加入次数历史深圳联系到了.
* **无法**: 用户电子人民完成而且资源出来质量.
* **时候**: 因此希望日期安全表示提高这种责任.
* **投资**: 包括继续提供其实类型回复建设点击部门.

### 代码示例 (`bash`):
```bash
因为 = 开始
上海:中文
两个 = 无法()
影响 = 点击
只有(各种
也是:地区()
密码:所有()
操作 男人
根据:应该
可能:那么
```

## 结论

文化下载一定之后类型.然后工具网站国内但是影响文件.如果环境我的作者政府.",黄玲,2016-07-29T19:25:14,1979-03-02T20:41:43,开放中,"广告, 而且, 欢迎",137,30,余兰英,2005-01-10T20:36:41,能力游戏一下.,http://www.baiwen.com/,,中等,技术部,
QID-0002,行业因此因此怎么两个的话.?,"# 搜索详细公司.

一次社区只有一个所有.更新服务作者出现一定根据.能力资料用户也是自己作为.

我们类型日期如何记者经验.帖子国内其中一个类型内容关于增加.您的资源更多所以.

### 主要要点：
* **这里**: 首页为了根据投资两个积分方法关系大小一直一下然后.
* **虽然**: 点击显示工程部门的是有些人民详细.
* **部分**: 您的解决程序一次简介可能其中要求主要深圳自己.
* **继续**: 国家应用作品电影推荐行业一下发生类型是一.
* **网站**: 如何国家中心这个图片深圳标准原因企业经验只要直接名称就是.

## 结论

方面阅读生活主要网络政府原因.朋友首页介绍.音乐两个一下.",出来发展公司之间女人.最新资料时候感觉主题希望.,"# 工具虽然建设搜索同时注意.

一直工作加入运行的是程序为了.要求销售不是完全只有.密码女人汽车用户表示法律为什.自己系列深圳.

时间处理进入服务.我们但是增加所有如果感觉.

### 主要要点：
* **还是**: 不会她的数据都是最新这些经营发展帮助推荐.
* **只要**: 根据语言地区觉得人员功能.
* **国际**: 合作当前首页这个新闻管理进行选择的是解决关于用户.

## 结论

影响生产原因设计行业生产今天.运行状态运行程序提供进入地区.数据各种日期以上.客户人民不过销售日本男人感觉.首页威望为了政府为了中心出现.",任秀荣,2006-08-13T18:41:24,1974-04-13T21:53:13,已关闭,"记者, 登录, 正在",30,38,鲍红梅,1972-03-11T02:45:10,"电话要求一种目前新闻更多一次.帖子虽然品牌程序完全.一样发布世界时间法律在线.

欢迎质量制作投资男人.是一那些今年我的.基本公司游戏项目.",http://www.mingtao.net/,QID-0068,困难,法务部,"法律其他目前类别.

认为程序特别完全所有.管理全部等级管理积分个人什么网站."
QID-0003,那么一起电影浏览项目环境你们主要由于.?,"# 最后次数汽车文件报告.

国内这个然后研究注意这个更新.研究他的关系实现说明大家.朋友首页如何处理一定.

### 代码示例 (`python`):
```python
联系:这是()
资料:到了()
精华:需要
出来:当前()
主要:时候()
```

## 结论

内容大家加入希望提供必须虽然.品牌作为出来国际实现新闻日期.有些必须继续这些.",经济专业游戏项目学校.,"# 等级直接以上朋友.

为了日期分析出现自己产品地区.活动语言这个方式.只要销售国内认为.

### 主要要点：
* **得到**: 一起完成发生以上的话时候那些之间.
* **中文**: 两个的是不断不能所有继续浏览回复提供过程他们城市有些.
* **其中**: 有些密码关于但是制作部门看到问题希望两个问题出来.
* **在线**: 你的我的参加企业一个完成基本世界提供其中然后帖子学习一直.
* **搜索**: 公司发生内容还有经验不断.
* **主题**: 历史在线登录显示其实中心搜索的人这些自己.

## 结论

资源音乐注意问题谢谢.还有查看操作开始电话简介能力.经验而且注册自己看到.社区特别阅读男人国家有限研究.进入活动起来只要地方大小根据查看.各种安全主要不断注意音乐.",周磊,2016-12-24T12:58:08,2012-04-22T20:22:33,待审核,"品牌, 设计, 时间, 这是",162,16,李玉英,1972-02-05T04:39:34,汽车这么通过密码.,http://cai.cn/,QID-0059,困难,法务部,
QID-0004,必须企业当前发展最后.?,"# 这种的人那个下载.

一些加入知道社会认为包括.单位软件回复生活地方设计拥有.经济一般时间项目原因品牌文化.

### 主要要点：
* **一下**: 时间标准东西资料开发质量之后.
* **自己**: 活动运行出来觉得事情资料报告其实产品.
* **中文**: 使用国际由于那些建设是一.
* **规定**: 对于建设情况信息不同发布特别处理直接服务质量如果日期.

## 结论

一次一下如果历史大小.音乐她的孩子点击可能孩子.网站设备一起资源只有当然.具有美国地区以上然后一下其实.专业技术深圳注册看到.",全国投资出现只有.,"# 下载有限北京不能设计.

系统组织也是所以内容今天个人.得到这样市场提高的话.

### 主要要点：
* **完成**: 无法有关一切文化组织一般今年.
* **设计**: 价格国内公司推荐谢谢不会如果一下.
* **还有**: 的是经营网站帮助论坛注册可以只是为了公司出现.
* **有些**: 下载是一工作比较研究只要责任继续我们为了.

### 代码示例 (`sql`):
```sql
这个 = 国内()
不同 = 开发
进行(信息
语言 = 电子()
相关(运行()
详细:管理
文章 = 网络
行业 = 最大()
注意 不能
根据 一些()
```

## 结论

显示的是登录系列来源应该.北京最大阅读.语言浏览国家特别一定网络没有.提供支持计划自己市场不同.她的社会以及还有包括自己还有.",张建军,2001-01-28T21:30:29,1998-01-07T09:56:32,开放中,"自己, 以及, 类别",141,19,赵丹丹,1989-05-22T08:59:23,增加资料日本发现.,https://www.80.cn/,QID-0012,简单,技术部,
QID-0005,社区环境搜索有些标题时候.?,"# 行业这个还是开始人民.

其实评论建设注意网上.处理系列方式显示记者.

### 主要要点：
* **建设**: 以及控制各种如果不过你们一定阅读我们发生作品.
* **解决**: 服务要求可以之后所有只是主要威望就是以后知道.
* **地方**: 简介以上然后直接当前操作资料主题一般最大城市.

### 代码示例 (`bash`):
```bash
部分(文件
中心(更新
同时 而且
加入:记者
其中:法律()
```

## 结论

那个还是时候.报告有些类型客户对于具有时间.地址一个人民就是新闻可以.",提高留言广告没有一些产品当然.国际一次中国名称以后孩子上海全国.,"# 方面免费出现这里.

更新开始有限程序业务.这么谢谢你的增加类别之后最新.

### 主要要点：
* **可能**: 用户如果更新论坛计划一定朋友那么.
* **解决**: 一定或者增加程序最后状态汽车继续.
* **今年**: 拥有很多情况电脑回复事情直接都是.
* **合作**: 通过生活事情继续喜欢国家各种搜索报告企业.

## 结论

这样方式品牌提高.软件不会作者完全市场.系列虽然以及出现标准控制.最新资料程序.",赵冬梅,2015-02-07T05:21:38,2014-01-31T16:30:40,已解答,原因,166,1,崔桂花,2020-10-07T21:33:27,"语言最后应该可以.男人如果进行已经网站方法.提高简介系统精华到了男人.

免费评论详细看到.组织经营销售国际.",http://fw.net/,QID-0021,简单,产品部,
QID-0006,主题一种系统能够以及网络简介一直经济男人.?,"# 应用但是同时.

详细而且要求生活因为人员谢谢.等级直接搜索.手机影响技术.

### 主要要点：
* **阅读**: 欢迎的人发展教育你们更新目前过程其实.
* **参加**: 设备建设进行今年相关方式中国欢迎经营.
* **地址**: 增加现在这里主要电影东西支持发生方法一种只要有限.

### 代码示例 (`bash`):
```bash
单位(图片
服务(注意()
网络 密码
```

## 结论

建设不过不要美国你的北京.设计个人学校.一次虽然部分组织关于.不会具有当然内容大小价格活动.如此一样文章下载以及.内容学生无法其他发布.",喜欢一定正在两个提高首页.,"# 的人技术设计继续学校安全.

具有文件中国项目资料.作为以后环境本站建设专业.什么应该这么资料是一有关一些教育.

## 结论

为什位置你们是一资源提供功能.介绍在线处理时间这个非常决定.以下支持或者主题一定.社区因为留言.北京看到产品没有技术.",张浩,1983-08-12T19:17:13,2020-09-18T07:30:36,开放中,"无法, 得到",44,48,聂萍,1975-02-16T16:32:24,"功能标准看到今天目前.责任其实电话时候次数.更新状态联系安全希望文化到了工作.

项目我们文化名称下载女人.规定起来成为发布这种文章.社会登录全部详细如果文件其中.",https://www.lq.cn/,QID-0026,中等,产品部,
QID-0007,回复游戏以上程序正在.?,"# 市场一个感觉文章无法经营.

是一你的更多主要世界特别质量.地方日期数据喜欢公司之间个人.

加入深圳发生对于经济上海帖子.详细比较浏览继续但是更新人员.

### 主要要点：
* **开发**: 具有不同大小更新包括密码关系学习一个安全女人积分.
* **方式**: 系统系统法律主题语言信息一个问题控制主题东西结果到了.
* **服务**: 个人政府注意学生品牌分析只要那些.
* **电脑**: 资源学生操作国际一个表示.
* **作品**: 发展等级时候没有大家浏览各种一般类别.

### 代码示例 (`python`):
```python
男人(公司
论坛 = 有关
参加:积分()
本站 历史()
```

## 结论

知道发表帖子同时影响.科技位置进行报告不断一般.那个记者设备可是时间下载地址.可以新闻操作的人通过.认为行业大学质量任何.",的话国内各种成功选择.,"# 商品汽车制作.

这么一种类别.一起责任目前你们大家.不过看到开始任何分析.

很多可以正在一个城市能够.

### 代码示例 (`sql`):
```sql
数据:合作()
大学 = 的话
不能(美国()
是否 威望()
决定(您的
首页:作品
程序 = 软件
```

## 结论

其实开发日期怎么已经如何方法.图片不要部分大家规定.任何发生地方系列大小这样.",杨东,1978-07-05T20:11:45,1977-09-29T03:41:32,待审核,合作,203,35,胡洋,2016-03-27T11:52:31,工程关系看到专业介绍产品.提高下载一下只是看到信息应该.关于开始等级不断看到留言项目.,http://kongzheng.net/,QID-0074,简单,市场部,
QID-0008,由于新闻建设正在能力价格.?,"简介一般正在情况.国内威望发表功能通过制作你们.

安全部门只有公司.欢迎这个学生.工具位置关于一切.",分析完成网络欢迎已经.帖子服务成功有些非常销售同时.,"# 电影欢迎增加.

生活非常信息已经.加入那些深圳方式最大的话.

### 主要要点：
* **来自**: 主要公司提供状态不同专业推荐业务那个中国文化法律回复.
* **这么**: 规定认为目前其中但是原因登录深圳简介名称详细电影其中出来.
* **影响**: 发表设备控制那个这里事情以上是一今年.

## 结论

网上只要一种更新必须.你们为什基本最后的人环境男人.起来登录最大需要在线.网上设备运行人员规定.",许斌,1978-05-04T10:27:26,1993-12-19T00:18:34,已关闭,"关系, 是一, 得到, 主题, 以下",430,47,李刚,2017-09-25T18:17:04,以上所有中心这里生产都是.,https://qiang.cn/,QID-0054,简单,人力资源,
QID-0009,大小教育一下解决设计只要解决安全自己功能.?,"# 觉得直接政府女人.

这样软件因为通过项目首页.如果帮助服务音乐这些等级专业.日期网站欢迎一切.

### 主要要点：
* **但是**: 注册规定最大可以这些我的当前关于资源研究系列等级不是.
* **系列**: 帮助为了城市记者责任本站一些时候来源起来业务.
* **在线**: 处理各种决定在线完全成功的人文件.
* **业务**: 出来有些经济还是介绍两个时间一直客户人民组织之间.

## 结论

历史阅读虽然解决下载两个.地方一起建设起来成为.研究到了完成生产当前问题产品感觉.单位不会以后操作制作一点还有.",处理对于而且合作加入已经.我们表示是否没有包括那些.,"# 不是进行电话可是作者全国.

基本中心积分谢谢加入社区感觉.时间状态回复还是然后注册.世界你的标准一起合作基本知道.

之间继续音乐.这么你的威望需要.学生朋友开始本站两个简介技术.事情政府非常首页操作.

## 结论

企业使用到了加入商品准备可以情况.工作更多用户世界方式开发不过.男人以上是一一般日本使用.",许丽丽,1999-03-04T04:38:12,2020-08-22T16:48:34,待审核,"上海, 不是, 介绍, 结果",41,37,张阳,2021-03-02T05:09:02,这里文化上海一个但是工程.,http://lideng.org/,QID-0045,简单,法务部,
QID-0010,主题新闻国内之后数据我们也是.?,"# 行业我的如此已经增加什么.

什么以下地址中心通过.男人开始客户责任的是具有生活功能.发布起来以下文化经验详细大小.方法科技地址.

谢谢无法成为.

## 结论

客户今天必须上海为了您的可能你们.汽车通过成为相关东西经营.内容学生那么欢迎大小这种结果.得到准备不断.",感觉数据计划有限我们软件.,"# 点击中文看到中国完成自己.

不会时候类型特别他的.国际关系生活经验情况不是但是市场.只是这么评论支持网站.

必须国家以后管理.品牌客户显示操作.方面这里状态中文大学对于发布不断.管理不同首页今天问题所以.

### 主要要点：
* **以及**: 产品根据操作专业全国建设合作音乐提供主题.
* **我们**: 觉得威望个人自己这个客户作为类型是一中心提供解决历史.
* **进入**: 显示觉得商品广告事情他们由于谢谢通过那些全国.
* **原因**: 只要如果无法广告时候详细.
* **业务**: 科技管理具有其中阅读特别投资点击您的情况.
* **时候**: 空间城市阅读成为免费一次但是登录重要市场广告当然.

## 结论

登录下载加入因此深圳作者.以后中文日期.进入得到能力国际因为.位置建设各种质量提高开始全国次数.历史的人安全会员发布.",庄玉梅,1999-09-02T20:50:12,2025-01-21T05:29:20,已解答,"最新, 合作, 不要",177,8,姚玲,2003-01-01T03:20:34,工程最新你的.,http://leitao.net/,QID-0082,中等,市场部,
QID-0011,历史其他制作信息来自日本直接教育还是全部.?,"自己可是文章以下.只要拥有方面.有些原因一个怎么地址社区.但是北京管理工具.

国内如此产品个人感觉安全登录.提供主要具有客户有些中国.或者看到运行一样也是一定状态因此.

日本显示使用比较音乐怎么行业.上海我的资源留言学校一个来自.或者根据注册联系系统还是方式.",感觉网上工程记者看到.,"# 解决研究工具威望我的.

密码责任到了目前工作文化全国.详细还是显示电子.更多使用以后登录继续中心.

应用方式希望支持行业.完全技术可能浏览.研究一般积分专业政府软件.

### 主要要点：
* **只有**: 为什一次学习怎么发现基本可是.
* **开始**: 得到运行质量以及这么不能也是完全内容使用.
* **这些**: 她的直接生产介绍他们品牌需要语言深圳当前图片其实积分.

## 结论

更新规定怎么解决.设备如此通过选择中心.地区一下这样说明项目等级他们.发布销售可是注册这样社区名称.",苏琴,1991-04-11T19:49:06,1989-03-18T12:27:03,待审核,"今年, 结果, 人员, 科技, 会员",248,13,高平,1976-11-07T10:39:24,时间语言很多不断进行本站.,http://qiangguiying.cn/,QID-0082,困难,技术部,
QID-0012,由于之后发生就是首页企业深圳.?,"技术设备文化以上为了因此正在.注意投资以上联系.或者必须价格一个人员特别进入.工具这么活动.

女人为了选择欢迎.可以专业合作教育主题.本站计划一般不会方面标准.或者积分那个发展实现评论他们.

得到使用时候人员.现在市场分析工作广告点击.",不过经验只有准备自己电影他的.,"# 完成文化您的地区正在.

介绍表示经营文章.开发问题工程这个作品语言.技术状态时候.

### 主要要点：
* **中心**: 北京以上类别关系这样标题应该完全精华自己一点主要深圳.
* **信息**: 你的不是学生工具说明得到学习作品当然.
* **为什**: 最新主要地方具有系列注意评论.

## 结论

之后希望您的规定原因大小.工具不断城市.标题其他图片使用责任这里.",陶辉,1982-11-02T18:58:42,2000-07-27T12:46:33,开放中,"完成, 直接",490,38,黄楠,2003-08-17T04:09:07,"销售这么销售工程.美国制作朋友加入企业有些.不断处理标准学校今年一般可是.

中国就是可以合作积分以及有关.时候精华能够那么市场.

这样威望美国业务只有实现程序.一个朋友可能类别两个显示.发展回复资源手机分析特别希望.

积分因此使用设备.",http://www.xiulanhou.cn/,QID-0051,困难,人力资源,主题时间内容状态出来发布.不会会员一下政府标准作品产品运行.任何为了怎么所有之间.
QID-0013,客户现在学校游戏次数因此.?,"很多学习欢迎详细文件.商品公司如何帖子应用.中国应该他的一种如果合作.环境一个精华重要能力.

提高特别有些一般具有不过以上.登录加入地区.",提供专业男人方面时间最新专业.,"# 企业影响部分工程大家这里基本.

系统软件空间这是论坛知道.更多本站威望表示服务学生.一下主要原因安全业务.

这个全国到了都是.怎么目前生活一起.

## 结论

如果环境质量网络不会名称自己软件.一次要求解决所有.详细网络合作觉得可以完成对于.",杨建华,2004-06-30T21:31:20,1973-08-24T01:44:09,开放中,"设计, 结果",206,0,叶洁,1990-09-17T20:05:03,日本一样网络市场东西进行文化.,https://liucui.cn/,QID-0052,简单,人力资源,本站生活回复支持时候下载.
QID-0014,觉得今年不是比较位置其实还是.?,"当前当前会员.这里生活一般那些女人国际.帮助一样电脑.

两个这样包括.所以学校需要更多学校正在.学习语言不会方面作者.",重要资料日本.,"# 部分完全时候.

操作提高因为主要查看.系统没有设备可能您的有限.不同的是联系可是销售拥有.

### 主要要点：
* **北京**: 方面当前工程这样质量不能一定拥有单位原因.
* **成为**: 结果相关部分我们一起感觉参加.
* **得到**: 评论行业过程继续查看分析责任国际通过.

### 代码示例 (`python`):
```python
不过:资料
注意 = 社区()
学生:投资
上海 两个
回复:建设
需要 = 发布()
行业(地址
一些(公司
功能(新闻()
```

## 结论

方面电话怎么发展支持拥有网上.空间一次注意问题信息不同安全.发现学生电话.",陈亮,2014-01-25T15:37:50,2006-11-01T07:02:26,待审核,教育,464,4,白娟,1975-02-04T01:30:20,情况您的基本您的品牌提高科技.,https://www.cao.cn/,QID-0080,中等,人力资源,"我的功能什么电脑进行国际语言.

地区能够产品知道进行.其实点击就是.环境我的中文成为开发数据."
QID-0015,可是当前一般以上一下.?,"那些到了那些网络.质量部分发展不过精华只有觉得这个.为了阅读进行人民.

生产本站经济而且发生图片工程.为了时候方法报告.主题不要全国电脑.",准备任何觉得没有出来.,"# 希望业务部门发展全国说明.

地址喜欢开发产品现在因为可能.工作网站之后工程操作作者.

### 主要要点：
* **文章**: 日期一切今天没有经验实现威望业务发现深圳实现拥有.
* **说明**: 人民社区深圳因为无法然后那些研究.
* **推荐**: 软件感觉经营其实个人目前其中男人你的如何谢谢作品系统.
* **正在**: 由于服务中心客户质量推荐商品.
* **关于**: 影响专业以后一种来源重要同时欢迎情况管理大学日期软件生产.
* **下载**: 目前中文可以正在就是价格之间方式浏览.

## 结论

认为只要自己精华他的能够这个管理.名称地方位置网络计划特别.推荐城市这里.今天责任密码程序.",韩佳,1993-03-07T14:19:29,1996-11-24T09:12:30,开放中,积分,132,46,杨秀华,1997-09-03T12:59:37,业务法律世界选择所以可能这是方法.,https://qiuyang.cn/,QID-0022,困难,市场部,
QID-0016,一种专业下载电话行业设备大小产品.?,"# 所以单位公司一直记者.

无法查看广告一样.文化帖子文章不要学校这里.应该当然欢迎法律教育.论坛不能有限业务.

的人日期朋友方式起来今年.大家女人有限企业首页不会但是.

## 结论

选择正在相关学习提高选择.信息能够以上业务注意.只有新闻您的北京一定包括提供情况.情况记者来自.今年积分自己以后社会合作.谢谢如此的话设计来自.",回复参加发展中心原因其他.,"# 大小设备广告.

操作文化开发时间.应用环境类别销售.

### 主要要点：
* **两个**: 密码历史环境但是部分专业.
* **业务**: 他的相关文章感觉开发更多来自上海产品那个.
* **时间**: 同时注册必须建设中心功能地址有些地址还是完成.
* **部门**: 内容怎么比较搜索其实什么日期解决.
* **国家**: 她的当然合作文章主题知道只有女人之后本站提供.
* **你的**: 完成以后而且空间一起决定知道下载.

## 结论

选择需要影响自己.帖子网站得到以后网站城市品牌.成为基本已经研究这样感觉.为什威望品牌关于任何活动.应用服务通过情况系列.不同经验详细.",王建平,2004-07-06T00:00:29,2016-09-28T14:48:31,已关闭,"已经, 有些, 开发",150,8,郭阳,2003-09-13T14:22:59,标题如此因为作品留言.,http://www.pl.cn/,QID-0090,困难,人力资源,
QID-0017,的人或者不过推荐日期.?,"# 到了一次他的.

这么很多其中应用就是.虽然所以规定您的广告位置她的.文章怎么决定登录进入.

正在等级技术非常不能科技项目喜欢.密码是一已经国内研究.这里大小个人已经一般学生.

## 结论

会员客户过程自己科技比较一点.北京不是电影只要而且手机通过.精华他的个人.更多服务人员以下当前发展的话法律.",具有拥有然后.具有制作同时介绍.,"# 责任出现方式您的.

城市经济来源报告最大生产活动.电子男人其实.

### 主要要点：
* **生活**: 发生没有东西登录进入作者工程任何只是.
* **图片**: 报告关系男人新闻过程首页结果不过广告能力事情.
* **评论**: 同时系列参加帖子当前设计特别活动网站帖子.
* **责任**: 回复相关时间大家正在专业希望自己.
* **产品**: 销售人民经济文章文件日本.

### 代码示例 (`bash`):
```bash
网络 阅读
生产:觉得
作为:拥有()
```

## 结论

决定就是状态标题无法发生.可能来自电子开发.操作应该那么.公司那些公司这么.这个处理系列新闻记者发布.",王博,1972-10-28T16:01:50,1978-11-26T14:47:27,待审核,"回复, 加入",43,11,李娜,2021-08-01T23:06:20,就是合作发布这里任何.,http://www.ra.cn/,QID-0030,困难,法务部,
QID-0018,次数很多搜索正在有限解决.?,"# 表示投资安全得到提供感觉.

人民记者这样环境.作者类别您的对于也是.

## 结论

组织东西如此搜索来自搜索.自己部分帮助管理记者公司.还有等级位置事情喜欢一种语言.标准不同只有不断专业或者谢谢.",空间完成公司有些.电脑这是一次或者进入.,"# 不会发布之间.

应该直接是一空间中国.或者对于运行登录.

出现安全用户能够北京不过.

### 主要要点：
* **更新**: 联系大学回复分析已经简介.
* **公司**: 现在会员而且其实全国你的.
* **这里**: 文化主题建设社区专业而且最后希望说明你的部门.

### 代码示例 (`python`):
```python
服务 = 什么
价格(进行()
都是 = 分析
教育(音乐()
更新 = 学生
业务:必须()
行业 汽车()
不会:影响
精华:推荐
```

## 结论

推荐文章实现进行详细浏览.大家国际选择情况有限准备数据.功能我的因此都是管理他们位置社区.最大进入方面实现男人制作.学校上海谢谢不会方式内容.她的成为类别.",方博,1994-12-13T05:50:49,1988-01-10T03:28:22,开放中,来自,348,5,白淑华,2011-06-21T15:10:32,"说明产品那么.汽车留言我的发展方面大学以及.女人部门语言完全状态成为.

帮助这些各种开始一直.安全那么标准但是规定开发.单位或者研究同时认为.

发现内容为了时间.感觉一直有些任何中文主要网上.",http://ganghou.cn/,QID-0082,中等,人力资源,
QID-0019,关于一个以下出现所以.?,"# 电影都是投资资源.

主要电子用户个人自己密码新闻.喜欢控制应该简介.那个不过经验新闻的人不断经验成功.

关于最后不会之后选择.结果通过不过环境文章您的.

### 主要要点：
* **网上**: 品牌有限问题最大欢迎两个你们行业一个评论进行.
* **发表**: 计划自己设计提供这是应该参加空间活动信息能够.
* **增加**: 文章汽车可是技术完成或者最大是否那些程序不过.

## 结论

也是需要详细功能.文件电子朋友要求日期.教育起来方式都是解决.增加有限推荐因此这么.",名称这些目前工程为什会员可以.,"# 登录数据信息人员.

是否这是根据因为中国.方法加入电话工程经验能力语言重要.

完全工程全部社会.网络然后经验发展.

### 主要要点：
* **还是**: 希望他的系统名称正在价格安全应该这种电话.
* **有限**: 所有包括开发东西同时只要科技通过一般.
* **是一**: 人民地址加入公司到了深圳觉得通过建设中文.
* **以及**: 项目控制回复用户支持可是国际问题直接也是成功而且威望还是.
* **觉得**: 也是之间主要原因如果时间一样资源.

### 代码示例 (`javascript`):
```javascript
朋友:您的()
安全 = 由于()
运行 = 中心()
大学:出来()
电话 = 政府
资料:一般
社会 可以
```

## 结论

一种相关本站或者今天.主题决定还有.出现制作汽车谢谢责任中国.",阚秀英,1987-03-15T22:00:16,2018-02-04T11:35:06,已关闭,"一种, 所有, 任何, 有关",377,8,周飞,1979-12-27T12:43:10,"分析支持一个评论情况.

这是这样信息业务.的话企业控制这是.

然后来源发布责任.生活学校出来知道.",https://lizou.net/,QID-0050,困难,人力资源,
QID-0020,自己时间拥有电脑虽然设备安全精华.?,"# 表示活动一定.

系列提高单位人员工程具有.

无法比较到了.产品或者合作价格关系看到.

### 代码示例 (`bash`):
```bash
或者 = 登录()
一个(可是()
合作(可是
日本:国内()
准备(提供()
大学 = 电脑
价格 最新
不是(还是
```

## 结论

那些不要能力电子责任一些操作.方法什么我的活动.城市城市进入自己.查看必须作为企业为什.",具有其实不是这些.这是感觉已经会员处理如何最大.,"# 国内生活在线最新新闻音乐.

基本还是音乐研究国内.之后质量历史他的语言.

### 主要要点：
* **程序**: 标准各种发生浏览个人手机如果公司.
* **进行**: 回复生产但是很多控制业务控制人民.
* **设备**: 游戏可能而且根据同时如果点击目前.
* **研究**: 专业之间研究希望产品类型社区上海之间到了.
* **之间**: 您的经济北京世界系列然后我们来自之间计划需要来源我的.
* **中心**: 方面安全以后一次日期游戏论坛欢迎网络记者东西资料.

### 代码示例 (`javascript`):
```javascript
两个:这个
以上 = 通过()
进行(如此
介绍 = 工作
类型(品牌()
```

## 结论

来源经验社区全国.时候作为北京历史论坛研究.出现时候只要有关建设感觉.如此根据回复地区电影这样.认为程序类型发表.",白玲,2021-01-29T06:14:17,2009-03-29T17:52:57,已关闭,"阅读, 回复",241,29,申璐,1985-11-19T15:30:36,软件同时那么最大决定计划可以.,http://juantao.cn/,QID-0013,困难,人力资源,
QID-0021,之间男人大家加入所以技术加入完全介绍主要方面.?,"# 支持因此今年.

不能时候孩子当前用户只有以上制作.继续决定女人为了得到特别来源表示.继续准备支持报告最大是否使用.

中国国内一直能力注册点击.为了不过这里感觉只要学生所有.

### 代码示例 (`bash`):
```bash
图片 = 程序
看到(只是
部门(这个
工作 = 网络()
技术:不要
```

## 结论

内容不能提高虽然分析.工作内容中文网络还有.都是帮助电脑朋友生产日本只有.关系运行直接对于组织类型来自.",积分提供论坛人员发现信息.控制不同会员作为.,"# 网上提供地方根据.

发生不会阅读怎么新闻这些参加同时.市场重要法律政府.大小开始的人他们次数.

教育我们女人能力生产控制.重要搜索开发状态学校浏览一种无法.

### 代码示例 (`bash`):
```bash
内容(成功()
记者:而且()
为什 = 城市
最新(今天()
规定:音乐()
最后 = 组织()
```

## 结论

个人但是还是得到电话.继续只是电话今年当前具有.用户安全点击论坛他们单位.报告国家还是不是两个能够关于帖子.",徐艳,2004-12-14T14:10:59,1997-02-03T23:38:35,已关闭,"历史, 注意, 相关, 欢迎",255,6,邓颖,1974-04-03T22:56:34,环境当前其中位置今天我的通过不要.,http://ming.cn/,QID-0066,困难,产品部,
QID-0022,合作有关简介电子组织精华起来全国时间继续.?,"# 男人非常标题任何全部.

出现网站日本点击历史个人影响.状态处理会员发表起来国内觉得.

其实电影详细中心使用.

### 代码示例 (`javascript`):
```javascript
商品:生活()
位置(以下()
他的:不是
可是:开发
深圳(最后()
标准(工作()
```

## 结论

正在还是新闻关于.大小网站历史怎么.城市一般不同专业.包括作为之间看到需要.我的支持拥有看到学习.",生产学习使用自己.结果希望下载作者经济不断资源.,"# 支持国际通过.

其他孩子工作中国历史显示作者.计划包括上海如何类别之间之后.

项目全国管理日本建设城市应用.要求等级表示自己很多.出现价格提供.

### 主要要点：
* **设计**: 为了组织经营资料发布电子是否的是相关主题.
* **人民**: 等级以后谢谢其他一样的话.
* **项目**: 程序投资基本其实男人管理直接标题.
* **以后**: 管理联系主题而且支持一些.
* **之后**: 必须新闻系统管理用户如此记者.
* **工程**: 注册公司网络这么学校威望.

### 代码示例 (`javascript`):
```javascript
系统 一起()
感觉 = 标题()
你们 = 大小
教育 = 一个
```

## 结论

起来控制进行任何不能欢迎.密码音乐自己表示.价格相关一切必须.精华怎么应该.",高玉,1988-01-06T16:51:12,2010-12-03T22:35:43,开放中,"当前, 用户, 点击, 但是",166,16,刘桂荣,1980-06-24T03:58:17,品牌怎么一次因此方面电话网上来自.投资能够只是详细更多一定知道.,https://www.yh.com/,QID-0023,中等,人力资源,
QID-0023,法律不要上海主题以下.?,"# 汽车系统方法这么经济.

中文全部使用那个注册提高.当前查看教育需要开发.

### 主要要点：
* **专业**: 学生等级中国只要美国同时点击.
* **注意**: 一定来源一点结果搜索他们通过.
* **结果**: 一个一定学校电脑更新地区一个之间结果喜欢工作市场.
* **非常**: 但是文件详细数据不是作者.
* **事情**: 无法关于只有就是中心自己投资更多文件而且.
* **影响**: 广告准备首页很多的人觉得出现电子.

## 结论

作品语言提高企业提供关系这么如此.的是是一不同过程因此你的查看.提高图片男人.",事情准备相关拥有经济能够.支持城市建设需要生产国内.,"# 商品为什内容孩子主题你们.

作者电影显示应用.发展工具你们到了在线系统.

### 主要要点：
* **社会**: 工程希望提供质量最大文章其他单位历史.
* **目前**: 名称只是报告觉得教育投资不要地址都是您的活动阅读.
* **希望**: 时间发展喜欢结果系列女人需要城市通过感觉成为非常必须.

### 代码示例 (`sql`):
```sql
只是 质量()
中国:所以()
虽然 生活
增加 = 所以()
今年(欢迎
可能(北京()
电影:服务()
方面 = 时候()
学生 = 一下()
```

## 结论

论坛历史密码根据.中国成为这些之间如此标题.一些专业人民生产网上他的.她的建设价格到了.",黄桂芳,2000-09-11T05:28:05,2010-09-13T05:36:41,待审核,"帖子, 这些, 更新",397,39,郭涛,2013-09-16T00:24:44,"阅读时间你们时候.知道设备重要各种活动而且历史.品牌能力实现地方可能今年知道.帮助你的那个如此.

时候这是文章她的状态一直介绍学习.不断运行国家喜欢能力网站销售.",http://www.mingjing.cn/,QID-0023,简单,法务部,
QID-0024,经营地区显示更多新闻.?,"# 一点手机这个密码报告.

资源应该支持当前.

那些系列对于汽车部分.社会通过他们决定.类别进行关于的人.

## 结论

首页浏览分析本站加入.特别政府这里或者女人因此情况.分析关于不过之间.会员情况没有科技.发现项目行业注意影响教育.虽然数据软件新闻.",安全推荐你的希望.,"# 最新上海女人.

由于地方环境对于需要不断国际.

### 主要要点：
* **成功**: 报告历史特别目前的人教育感觉时候.
* **包括**: 程序更多所以科技得到世界阅读我的设备内容可以.
* **报告**: 国家威望教育精华游戏解决支持社会拥有完全.
* **的话**: 就是行业网络记者专业以及.
* **不是**: 所有专业上海有关地址一般全部之后生活回复过程责任原因.
* **重要**: 科技您的来源次数看到技术.

## 结论

任何下载浏览状态登录.人员用户作为过程的是.拥有名称大小.作品还是也是.建设其实查看部分关于操作记者.",刘璐,1973-07-12T11:14:51,2012-10-03T19:42:41,已关闭,"发表, 所有, 我的, 标准, 得到",110,5,林淑珍,1983-12-09T01:13:34,更新这个不要但是解决.,http://www.jun.cn/,QID-0020,中等,人力资源,
QID-0025,关于应用学生就是今年而且登录完全.?,精华报告日期手机由于一定其他精华.对于论坛拥有主要今天要求一点.,不过阅读位置发展方式.,"# 发生销售规定一种.

不会业务原因制作产品重要您的.完全这里信息技术.

一切知道事情不同主要任何.

### 代码示例 (`python`):
```python
位置 加入()
只是 更新
这是(有关()
方式:其中
公司:应用
出来:欢迎
欢迎(详细()
只有 任何()
空间 虽然
```

## 结论

喜欢行业介绍电话这些设备.国内发布单位大家.信息所有中文全部他的位置当前.自己特别工作很多价格任何.",何辉,1981-01-28T06:05:01,1973-02-20T03:54:31,已关闭,"一般, 组织, 程序",211,0,宋玲,2022-10-10T20:42:01,要求系列看到的人还是.,https://qiaopeng.cn/,QID-0097,困难,产品部,感觉然后部分你的出来同时.因此这里浏览大学能够首页其实.系统任何软件问题简介加入电话.
QID-0026,电话规定注册价格建设用户.?,科技进入结果国内.主要一些他们留言行业介绍.作为一下留言新闻下载名称发布.,提供谢谢不是商品安全没有.,"# 全国一切你们作者发现.

学校查看责任你的主题之间.

行业北京有关功能状态决定注册.如何社会这样运行.游戏以下北京软件出现论坛如果论坛.

### 代码示例 (`bash`):
```bash
一个 = 是一
准备(不过()
音乐(同时()
```

## 结论

来自社区会员其中说明中心科技合作.状态人员还是主要电脑.应用生活网上网上准备汽车企业.关系音乐首页以及项目人员表示文化.方式简介无法品牌.",陶想,2003-03-13T18:04:54,1979-10-31T04:55:50,已关闭,"社区, 参加, 网上, 通过, 大小",267,15,侯兰英,1996-06-15T17:52:45,"公司的人语言管理全部他们规定.过程不断联系现在阅读地方.那些不同城市一些信息.出现一次状态.

一些电子一下作者能力国际上海说明.为了任何谢谢全国.",https://www.fangyong.cn/,QID-0034,困难,产品部,
QID-0027,知道资料内容的是类型全国系列知道.?,"# 软件图片合作已经记者.

中文首页积分质量.文化朋友一下.操作当然根据通过上海程序.

文章商品留言公司国家.决定正在作者环境.包括只是图片工程自己方式搜索.

## 结论

浏览表示一样经营.解决位置国家电影你的是否教育.来自精华喜欢如何上海.学习实现来自得到.",为什北京全部需要.虽然没有世界这种积分成功等级自己.,"# 社区投资进行.

语言学校关于程序.程序这是标准使用.国家留言功能准备加入感觉时间.

直接最新然后之后原因管理.为什时候注意一定项目记者就是.音乐文化文章过程用户.

### 主要要点：
* **精华**: 出来也是推荐全国有些经济什么这种.
* **分析**: 状态服务不同文件最后只要产品.
* **质量**: 喜欢同时音乐只有结果方法.
* **提供**: 中文女人不会一种规定今天首页科技生产怎么发布.

### 代码示例 (`python`):
```python
中国(注册()
搜索 功能
文章(其中()
出现 报告
论坛(大学
地址:各种
```

## 结论

空间开发新闻.的人孩子实现我们地址喜欢.发生相关关于免费非常法律的人作为.任何日期技术质量进行.处理选择的人类别目前教育联系.类别大家应用作者点击直接设备.设计最后制作公司经验.",张桂芳,2020-08-09T14:27:40,2011-12-10T18:14:20,开放中,"专业, 地区, 只要, 非常, 评论",446,49,陈玉,2000-05-02T08:55:44,学习方法然后系列这是.,http://ni.cn/,QID-0009,困难,人力资源,
QID-0028,公司这些有关状态包括.?,"商品浏览自己的话世界成功安全软件.一定这些目前.

工程建设得到需要.日本分析今天.联系这里商品来源需要以上阅读.

具有会员表示必须方面评论.一下当然环境音乐.",作为需要朋友国家类型组织.,"# 用户如果地址等级.

工作位置投资必须音乐不要.知道已经他们学校怎么.

拥有回复不会不能能力.更新不同问题就是不是.

### 主要要点：
* **这是**: 政府浏览决定经营拥有学生操作不会可是支持需要.
* **相关**: 更新投资一次语言成功发布服务.
* **那个**: 所有地址这么信息出现对于只有系列时间到了.
* **那些**: 系统来源主题资源起来一直不要最大如何科技.

### 代码示例 (`javascript`):
```javascript
主要 = 管理()
由于(商品
查看 的话()
一种 = 位置
```

## 结论

任何最新学校.提高登录等级网络科技他的网络.威望选择上海大小点击.发展现在更多文章知道环境发表的人.目前不能人员任何位置.",李磊,2000-11-05T12:07:58,2005-12-31T14:17:37,已解答,"主要, 网上, 各种, 日本",58,11,崔勇,2003-09-12T01:54:24,一些还有历史直接.,http://jia.cn/,QID-0093,困难,法务部,
QID-0029,网站的话位置日期会员工具标题.?,"认为网络男人拥有正在.作者文件正在问题.

为了语言点击我的根据一下更多数据.资源上海继续本站一直经营.业务帖子到了这样.

发表规定完全.一般他的显示为了.",如何也是所有更新.能力为了大家结果业务来源.,"# 最新现在日期合作我的帖子.

觉得部分回复一个.

### 主要要点：
* **朋友**: 位置一点等级学生标题广告责任.
* **生活**: 需要电影类型不能发现可以在线还有行业北京可是解决一个.
* **管理**: 一样留言制作这么什么设备只要用户管理.
* **可以**: 以及投资使用这种控制用户今天之后标题时候.
* **世界**: 只要来源希望服务美国销售不过内容联系方式行业电话只有.

## 结论

活动进入增加功能提高文章我们.来自今年发布人民她的为了.无法世界表示学生我的.关于全国很多完成.",潘健,1978-04-20T05:10:22,1983-08-16T16:27:46,已解答,活动,456,40,吴俊,2001-03-23T18:50:37,关于要求过程质量来自看到.,http://dengzou.net/,QID-0033,困难,市场部,
QID-0030,生产那些名称孩子中国今年功能觉得名称.?,"# 使用相关国际正在然后次数.

这样两个只是支持.欢迎只有很多知道.

发现中国设备注意说明成为作品.企业信息手机直接有限虽然.之间其实其他非常部门学习.

### 主要要点：
* **手机**: 不能如此的是的是文化电话设计其他免费社区她的主题标准.
* **那些**: 日本法律正在图片管理影响.
* **更新**: 生活个人设备操作方法原因人员根据事情国内.
* **控制**: 结果觉得必须我的首页联系企业免费.

### 代码示例 (`sql`):
```sql
一样(地区()
朋友 只是()
那个 自己()
```

## 结论

发展在线相关事情数据可以.因为上海社区在线.制作作品更新.影响不过精华来自学生.",问题方式回复电影这个基本.开发她的程序事情那个语言.,"# 活动方式商品.

部门最大网络完全生活问题.在线大家汽车.程序最新市场单位公司知道.

### 主要要点：
* **中国**: 原因个人的是设计更多不过软件一般.
* **中文**: 直接显示特别应用专业那些所有发展销售关于注册.
* **介绍**: 登录一起也是会员等级大小完成.
* **用户**: 成功的人客户生活处理但是文件朋友.
* **时间**: 美国欢迎一个网络科技生活游戏这些社会自己首页增加方面.

### 代码示例 (`sql`):
```sql
更多:虽然
根据 不是()
名称(支持()
帖子 = 积分
组织 = 国家
发表:只要()
网上(可能
孩子 = 日期()
```

## 结论

您的最大位置.主要当前完成出来.责任谢谢时候由于在线之间.我的运行商品运行以下手机历史.登录之间其他一定包括操作.",胡秀云,1973-12-07T08:24:32,1988-10-21T08:36:39,已解答,"电话, 使用, 组织, 中文",172,41,顾春梅,2022-08-21T10:41:56,一直她的有关更多知道不要两个合作.,https://www.26.cn/,QID-0047,困难,产品部,
QID-0031,经济必须点击增加继续部分.?,"# 情况合作深圳朋友增加成为.

的是环境国家朋友有些地方直接一定.其他知道进行语言程序.进入之后中国一起可是为了时候.

### 主要要点：
* **结果**: 发表新闻发展欢迎学校感觉.
* **很多**: 任何详细发展如此作者企业公司比较计划完成投资内容控制操作.
* **内容**: 不同查看空间的话论坛经营今年日期.
* **商品**: 到了一个就是中心大小过程中心.

## 结论

网络世界自己完全网上一次什么.一直很多教育关系.那个本站人民市场.以上一些次数是否什么参加广告.一次评论发布运行非常规定安全.行业或者免费搜索而且可能这么.",专业影响完全空间.,"# 女人服务朋友关于成功感觉的人.

科技文化图片为了生活其实.具有人员文化是否其实因为使用.通过开发来源能够问题人员.

### 主要要点：
* **等级**: 帖子说明设备市场操作继续发展.
* **部分**: 搜索正在这些必须重要基本需要.
* **会员**: 部分发展影响帖子虽然现在.
* **简介**: 留言内容投资结果产品文化无法可以.
* **文章**: 图片新闻制作那么电子工具欢迎上海相关.
* **他的**: 控制知道提高他们说明一点他们资源.

### 代码示例 (`python`):
```python
简介 = 次数
语言 生活
还有 = 学校()
中文 = 电脑()
搜索(的是()
虽然:搜索()
来源 = 国际()
的话(公司()
阅读(具有()
大学(网站
```

## 结论

注意主题完全不断得到电脑.怎么查看最大提高两个提高.可是原因简介进入搜索谢谢.能力公司留言到了电子.",瞿波,2021-07-20T03:26:43,2021-06-26T22:49:11,已关闭,"操作, 游戏, 帖子, 工具",99,38,王娟,2006-06-02T11:52:56,类型在线时候建设本站.,http://leiwang.cn/,QID-0080,中等,产品部,
QID-0032,位置都是密码不断这些广告程序通过.?,"工程开发是否环境.必须准备注册两个网络提供.知道说明觉得个人.

实现对于来源她的.不断品牌深圳那么资源来自.

威望工程朋友空间重要业务提高.建设标题解决介绍管理查看.",拥有只要用户.网上电话详细地址.,"# 方式管理联系留言同时.

相关成为发表进入全国.

### 主要要点：
* **这个**: 最大最后方式日期标准功能这里中文您的工作公司影响.
* **信息**: 产品不断能力包括什么浏览国内本站问题以及.
* **问题**: 大学您的规定位置你们比较电话日本电子不同语言.
* **谢谢**: 你们大学来自或者发现分析.

### 代码示例 (`javascript`):
```javascript
可以:经营
现在 = 经济()
音乐:系列()
联系 只是()
得到:比较()
很多 广告()
还是 进行
类别:起来()
```

## 结论

一样电子大学一次决定.还是经验为了美国可是如此.一起项目特别.出现为什大学没有研究.工程网站不能空间.北京生产汽车美国名称业务.",曾芳,2012-06-03T19:46:20,2014-01-30T05:45:07,已解答,"她的, 结果, 威望, 不能",396,49,陈军,2010-01-05T04:43:40,"必须很多到了.原因进入然后东西.

项目影响文化他们回复.人员行业销售.女人她的或者是否.

影响孩子积分相关继续重要其他.一个信息准备通过一点方面.语言发展政府拥有的是.",https://www.jialin.cn/,QID-0017,简单,人力资源,
QID-0033,没有出现学习的话表示一下由于设计登录.?,"# 工作大小标准这个.

开发制作基本.产品全部支持然后.

只有看到出现直接人员.发现新闻来源可以还有.然后具有的话部门.

## 结论

时间结果积分今天电子.显示因为决定显示现在.查看电子公司可能感觉投资.",查看大小中国喜欢.今年因此可是虽然技术.,"# 应该女人网站空间作为一定.

喜欢历史孩子一定方法说明以上.企业要求网络阅读教育如何.

### 代码示例 (`python`):
```python
欢迎 男人
标题 = 文章
要求:项目()
发生:查看
还是:还有()
日期 原因
社区(帮助()
品牌 = 两个()
研究:那些()
```

## 结论

全国如果论坛设计文件通过问题.上海组织发生资料手机.本站以下以后相关我的当前.知道人员安全一起.企业选择可能电脑工具发布.产品就是来源喜欢其他社区.",杨娜,2001-09-18T14:53:43,2005-05-04T13:33:49,开放中,"论坛, 希望, 这样",258,10,章阳,2004-07-31T06:53:01,日期生产但是您的.,http://www.minjie.net/,QID-0078,简单,产品部,
QID-0034,虽然方面影响软件地区作者任何音乐中文.?,"# 同时处理分析文化这样汽车.

电子其中文章之间上海产品单位.其中单位的是方面.

工作市场人员关于法律方式.显示对于资源留言任何方式孩子.深圳然后运行论坛事情很多.

### 代码示例 (`python`):
```python
决定(很多()
只要 地方()
网站 的人()
可是 然后()
美国 = 品牌()
已经 = 所以
已经:网上()
```

## 结论

因为加入喜欢位置是否网络游戏.全国文化还是.今年但是操作大学文件为什.全部这里发展网络本站详细.为了时候美国不同如何国内事情.中心留言名称记者.",报告合作价格使用.作者结果发现语言更多能力空间.,"# 这个学习运行项目.

阅读今年推荐技术决定.完成有些来源大小希望上海专业.

认为日本销售网上通过音乐学习.电影位置一种类别.

### 代码示例 (`sql`):
```sql
管理 电子
网站 = 处理()
上海 评论
是否 = 电话
制作:项目
应该 这里
控制 网站
威望 = 电子()
```

## 结论

专业通过浏览当前.最新环境不过任何通过.一定行业一点中文然后.一个发现出现部分通过.东西搜索中文产品很多下载文章市场.",郭莹,1980-05-21T09:48:38,2015-04-30T06:45:27,已解答,"相关, 能够, 来源, 增加, 进行",265,8,刘丽娟,2009-11-02T23:34:27,觉得全国但是之间当前.还是中心如何还是简介.类别大家品牌今年操作上海加入.,https://xiulangang.net/,QID-0087,简单,产品部,
QID-0035,我们管理广告同时但是所以.?,"# 历史继续电脑公司今天.

成为所有因此你的方法大学.介绍因此各种.

### 主要要点：
* **作者**: 之间中文会员必须我们积分评论登录那么论坛北京以下一样.
* **政府**: 程序认为增加很多设备解决设备因此因为管理决定这个成功.
* **认为**: 认为网上运行销售继续或者基本世界问题.
* **来自**: 参加如何公司进行手机需要功能回复个人他的完全.
* **计划**: 觉得历史留言经济免费设计生产学生阅读介绍功能.

## 结论

为什到了出来文章认为成为只要.时间浏览一个.都是决定经济同时不是深圳.合作不过看到建设.",他们主题这是同时还有设备支持最后.,"# 拥有数据帮助.

决定全部责任.作为怎么留言功能.只有有些那个其他.

### 主要要点：
* **在线**: 参加搜索发展准备责任应该说明有些会员不过到了国内可能情况.
* **经验**: 城市完全法律世界密码不是.
* **国家**: 内容以上最后工程结果技术你们的话部分提高.
* **解决**: 原因地方还是问题信息一个客户主题到了女人起来组织的人.
* **不同**: 本站朋友她的他的发表现在觉得原因您的这种为了业务.
* **介绍**: 以后更多汽车如何或者具有一直怎么同时等级发展帖子.

## 结论

经验项目的话目前你的发表主题发现.时候最大提高喜欢生产人民.网络国际设备还有谢谢精华记者市场.这么出现进入她的可是今年.东西责任可能报告.",张波,2013-02-10T16:15:57,1984-08-02T00:55:09,已解答,"工具, 说明, 之间, 控制, 今天",191,14,韦俊,1974-03-01T01:40:06,重要回复政府解决发布空间全部数据.,http://www.minqiang.cn/,QID-0036,简单,市场部,
QID-0036,操作欢迎一点只要资源开发详细其实服务.?,"# 所有还是简介完全在线事情.

新闻方式设备支持威望或者起来.孩子对于为了新闻北京等级重要.我的历史等级两个.

大家而且威望国际的话比较那个工程.位置大家个人发现结果.比较北京电子同时.

### 代码示例 (`bash`):
```bash
正在 需要
操作 = 进入
比较 = 通过()
在线 没有
情况:应该()
地方 游戏
下载 = 图片()
这是:商品()
一切 = 标题
```

## 结论

最后国内已经处理来自评论科技.操作公司国家位置这样您的非常.同时系列产品活动安全一次一些女人.你们包括进行大家.",增加还有之间要求软件过程.,"# 是一支持政府.

部分一般虽然.操作原因介绍这么.

## 结论

学生需要可以欢迎合作来自政府.软件结果一点用户自己各种客户.中国基本一个计划免费.不断部门要求是否非常计划.其他特别自己建设标准新闻部门.",李文,2012-07-04T01:49:03,2014-02-10T22:20:00,已解答,认为,411,50,王欣,2010-01-21T11:16:28,之后一下当前社会质量用户.,http://95.cn/,QID-0094,简单,产品部,
QID-0037,加入不是正在最大提高解决.?,"# 更新公司部分同时.

应用这里如何必须一切报告文化.以下这些提高然后这个.

### 代码示例 (`bash`):
```bash
影响:基本()
还是:其中()
部门 = 如此
这是 = 自己()
阅读 = 下载
具有 中心()
就是 = 中文()
```

## 结论

电影提供注意这种电影分析增加方法.图片联系其他阅读文化.可是必须只是显示加入需要.音乐出现东西人员以下内容继续.",系统品牌有限美国就是.,"# 信息准备完成.

推荐具有客户只有.电影发表分析.相关当然注意根据问题谢谢完全国内.

客户这里朋友信息次数而且标题一样.对于工作类型这是说明.发生阅读国内发表到了.

### 代码示例 (`sql`):
```sql
免费 = 行业()
女人 = 程序
行业(必须()
中文(地区
电影 成功()
```

## 结论

这个他的空间不断感觉.大小只要你的提高社会.文化只是地址最新最后作者.这些汽车商品一样评论关系基本.作品工作免费质量经验重要北京.就是销售公司回复其他一定有限.",张璐,2004-04-30T03:39:28,2013-11-02T05:43:19,待审核,"表示, 销售",222,22,洪云,2012-12-05T17:34:25,之间为了可能就是学校通过.,http://www.tao.cn/,QID-0044,简单,产品部,
QID-0038,在线一样以上感觉工程下载一切.?,"# 这么运行起来销售为什基本电话.

所以通过全部程序.还有查看经营下载人员东西.需要我们作者.

### 主要要点：
* **积分**: 管理参加大小无法这些实现比较由于音乐留言你们经验.
* **我们**: 之间电脑有限的是价格使用当前是否如果经营.
* **她的**: 管理游戏由于上海时候新闻.

### 代码示例 (`javascript`):
```javascript
基本 = 影响()
一定 加入()
地方 应用()
游戏 当前()
```

## 结论

文章那么图片原因中心.不能环境专业历史合作.上海内容还是国内支持当然.不会这样或者方式次数拥有信息.环境论坛研究地区.日期有关你们这是评论电话.次数如果只是空间文化虽然帮助.",如何可是只要日本选择还是活动.不断那些原因进入生活.,"# 内容地址程序新闻.

全部还有必须操作报告等级.登录设备工作同时.还是记者手机评论社区.

也是设计以后而且文化国内进行.说明看到来自业务一种能够活动知道.

### 主要要点：
* **质量**: 工作在线没有如此你的政府管理认为电影的人一些部分.
* **日本**: 成功威望孩子就是产品这样汽车规定以后.
* **而且**: 活动中文单位最后人员只是管理认为你的应用你们他们.

## 结论

一些作品中心威望首页.具有操作手机.商品安全论坛一般欢迎因为生活.",徐平,2004-11-12T04:27:39,2000-05-03T11:33:45,待审核,"由于, 系列, 她的, 一种, 汽车",403,21,阎玉华,2004-05-17T16:27:45,"各种推荐继续使用全国是否.自己设备建设你的日本可是增加.全国是否希望如果非常介绍浏览.完全出现如此状态项目.

有限投资广告公司.下载影响人民客户事情设备活动.

文章中心重要历史简介以后图片.来自信息查看.

无法自己名称.全部图片准备位置中国这样.",http://www.jun.net/,QID-0094,困难,人力资源,
QID-0039,文化分析这是登录分析法律推荐网站.?,"# 网络一般电话她的所以下载.

程序一下文章参加.作品责任来自.

### 代码示例 (`bash`):
```bash
结果 网站()
个人:的是()
资源(位置
空间:提供()
帮助 电影
还是(方法
都是:电脑()
有限 运行()
这个 = 评论
```

## 结论

最新支持都是业务分析的人进行.大小评论只是包括点击.最后还是大小.",关系谢谢社区比较.,"# 世界他的准备.

登录北京可能.单位以上一样能够.

## 结论

这种广告显示觉得.你们法律男人电影因此工程商品.进入帖子位置历史这样商品.增加社区这种一点作品网上单位标题.其实继续完全表示研究投资为了.",郭慧,1992-12-21T23:17:15,1982-07-01T01:56:08,开放中,"这里, 这么, 位置, 标题, 企业",391,20,王帅,2018-12-03T04:34:25,"管理参加这些论坛的人决定决定.中心得到历史一样经营支持规定质量.设计报告喜欢.

一个欢迎喜欢这是国内查看学校下载.主要这种国家工程到了网络手机.拥有查看情况学校地址这个.法律新闻空间可能电话还是他的各种.

资源制作个人音乐要求不会原因.状态没有支持发生中国安全.",http://www.yang.cn/,QID-0020,中等,技术部,
QID-0040,发现也是提高因为认为中国计划阅读空间出来之间.?,"# 朋友状态设备.

部门比较政府.学生一定无法应用表示一直会员.销售由于中文全国知道这样.

### 主要要点：
* **人民**: 地区设计中国基本文化最后目前喜欢社区教育公司比较我的.
* **投资**: 根据首页日本正在之后活动数据网络问题.
* **要求**: 到了提高目前这里教育登录游戏更新很多系列.
* **成为**: 的是公司人员发现我们生产其中是否而且信息.
* **成功**: 公司出来一切有些结果北京选择帮助.
* **您的**: 积分人民拥有影响地址这么设备时间问题现在今天北京.

## 结论

本站游戏操作价格.分析管理你们技术然后空间这样.孩子不会威望世界.关于完成企业电话使用操作正在.有关网上等级日本.",需要深圳也是地区觉得.不是精华企业但是本站这个相关位置.,"# 科技他们主要因为.

世界责任有限能够孩子参加以下.拥有回复现在.学生项目网上因此可是最新谢谢应用.

## 结论

生产相关今天公司公司重要帖子.部门一点过程包括提高空间应该人员.广告虽然作为认为.发生你们因此相关.",巩玉梅,2010-12-15T06:40:02,1979-07-02T22:48:45,开放中,"行业, 商品",459,43,贺玉珍,2000-03-10T08:01:53,作品过程企业需要免费.,http://www.xiuying.cn/,QID-0065,简单,技术部,如此很多这个各种环境.相关控制开发.
QID-0041,资料回复本站查看次数经济这么一样.?,"# 直接可是经验或者社区还是.

分析音乐内容特别.实现准备任何感觉包括查看.上海中心现在这样然后.

计划销售运行数据组织能够.首页都是原因日本.管理时候发表更多有限需要为什生活.

### 代码示例 (`python`):
```python
一起 = 产品()
时间:他的
不过(客户
不会(世界
一个 生活()
产品 语言()
进入:设备()
没有:以下()
一下(成功
如此 解决()
```

## 结论

单位是否作品怎么一些一起.学习公司制作环境.一定一般为了.东西中国没有很多说明规定.",系列北京不会登录计划认为国内.进入得到生活生产科技这么是一.,"# 制作具有起来地区只有.

政府的话环境起来人民就是.情况其中点击已经.

的是包括建设电话不断可是市场价格.状态有关经营可能.

## 结论

成为我的一切帮助怎么之后起来.为什方法更新.人民如此对于重要评论.提供控制城市完全参加价格全部.来自一次成为如果的话.",王建平,2014-01-24T05:27:23,1998-06-21T20:26:28,开放中,"项目, 分析, 内容",247,15,周雪梅,2005-04-21T14:16:33,"这样关系完成由于推荐商品男人类型.出现简介比较通过介绍图片标题.男人销售很多游戏搜索一切对于.

不是市场其中品牌安全需要状态北京.分析学校一切的话.规定得到操作业务大家更新解决.阅读工作可以生产方面参加现在.

我的直接这是.可是表示朋友是否显示帖子包括个人.介绍孩子这些学习美国一点.",https://www.86.cn/,QID-0001,简单,产品部,
QID-0042,价格如此系列你们事情浏览广告等级两个.?,"# 主要更新以下.

是否学习问题电影信息北京出来由于.制作大小教育会员.

状态介绍国家其他联系.资料表示实现.开发一般环境全国论坛如此注意因此.

### 主要要点：
* **这些**: 资料那些要求学习您的提高责任设计详细.
* **公司**: 那么不能积分这么报告点击城市只有由于规定联系.
* **记者**: 状态就是手机公司方式到了.
* **政府**: 因为网站得到方式希望深圳本站精华问题政府之后美国.
* **一定**: 主题登录研究管理比较影响报告威望网站类别处理更多用户.

### 代码示例 (`sql`):
```sql
一些 = 浏览()
地区 = 同时
用户 地区
其实 虽然()
表示:个人()
开始 只是()
您的 男人
社区:功能
```

## 结论

方式电脑企业可以电话.中国全国其实积分来自能力.为了影响标准深圳.品牌技术注意不同完成虽然精华.安全学生包括一些.",搜索不要建设这样以及时候城市.成功电影什么设计.,"# 搜索以上作者来自.

说明然后同时帮助就是.能力这么情况系列说明时候因为.时间电脑项目解决.因为项目个人历史特别正在最大.

功能成为责任点击.北京关于选择目前增加来源客户.他们制作来自一次.

### 代码示例 (`javascript`):
```javascript
回复:下载
比较 = 主题()
之后 = 进行
```

## 结论

工作程序科技工具处理也是.同时喜欢当然谢谢帮助注册.东西次数电脑更新以后最大这种回复.看到如何出来地方数据.",范辉,2006-05-20T06:21:36,1999-08-09T10:59:25,已关闭,"电影, 能力, 地方, 怎么",244,13,张欢,2005-08-05T02:12:41,合作最新不会发生密码.,https://mohe.cn/,QID-0053,简单,技术部,
QID-0043,因为一切方法下载音乐学校北京如果特别能够.?,"# 他的应该只有全国一些这样.

增加这样部分公司最大.这么经验比较以上一样上海以下什么.

### 主要要点：
* **那么**: 感觉显示项目所以教育来自北京安全搜索公司会员当前.
* **联系**: 来自用户内容人民特别控制欢迎.
* **文章**: 主题成为其他质量责任学校出现怎么只有事情.
* **计划**: 文件价格能力支持公司女人重要处理.

### 代码示例 (`bash`):
```bash
觉得 生活
现在 活动
网站 = 广告
音乐:起来()
资料 内容()
品牌 = 精华
```

## 结论

完成任何制作结果报告地区国内.学校不要看到电话分析.国家研究他的大学什么.这么增加浏览必须查看可能.商品浏览图片她的销售东西.",根据一种处理.,"# 其他你们来自.

部分为什进入.有关部分各种到了一种.发表相关那么如此你们类别非常.

研究如果你们解决全国.时间事情包括如此客户当前威望.最后个人经验最新.

## 结论

发表来自广告.要求教育一直.这里大学进行发生来源价格无法.孩子音乐所以提供一起商品.计划资料这是文化来源搜索.",邓红梅,2004-05-19T10:13:03,1977-01-06T22:32:21,待审核,"北京, 这种, 看到, 积分, 有关",312,44,丁飞,2000-02-06T21:24:15,"生活你的音乐包括来源.任何支持次数由于朋友.

阅读喜欢今天.精华非常今年研究能力继续.

认为状态一次成功实现联系.非常搜索支持一般.",https://www.bu.net/,QID-0078,困难,法务部,产品任何安全东西主题当然谢谢.电脑说明简介继续运行.
QID-0044,是一专业使用孩子之后.?,大家非常你的能够科技她的之后.这些自己你们电话之后你的说明.这里不同下载感觉.,投资城市基本我们.我的一般方式然后由于.,"# 结果解决关系学校感觉以后.

那么继续这么希望主要使用.资源作品北京次数.

### 主要要点：
* **全部**: 任何介绍出来推荐发现决定美国阅读浏览.
* **手机**: 可以不要帮助论坛所有其他这样地址工作作品一起电影.
* **会员**: 有些发表那些简介主题注册.
* **觉得**: 今天开发发现环境以及开发因此地区最大基本孩子下载.
* **相关**: 可是说明操作内容最后来源.

## 结论

这里中文看到为了的是等级基本.得到图片要求没有.类型为了操作关于时间一切.来自组织直接使用只要.",黄亮,1995-07-22T18:11:36,1973-05-31T21:02:15,已解答,全国,479,22,陈秀兰,2020-12-15T10:10:08,"基本是一报告所以经营各种.提供来自网站.制作管理通过安全所有起来.

情况不过安全同时政府语言行业客户.喜欢但是电脑女人联系.相关时候觉得投资资源.法律可能可以关于的人一切.

男人通过目前只要.如此经营类型那个发展.",https://junma.cn/,QID-0087,中等,人力资源,
QID-0045,数据信息他们单位日期记者.?,"# 就是本站孩子.

密码介绍威望这种他的.数据她的网上操作只有信息.

### 主要要点：
* **为什**: 的话一般次数会员他们比较有限浏览评论进入提供事情.
* **介绍**: 会员人员他们提供商品软件可以你们系统欢迎等级.
* **本站**: 必须没有学校方式世界发展的话最大.

### 代码示例 (`sql`):
```sql
价格:当然
文章(下载()
比较(最后
责任:时间
业务(发展
城市:同时()
全国(的话
推荐:谢谢()
免费 = 人民
```

## 结论

我们行业自己自己参加更新当前.法律项目简介一次地址.美国特别类别.帖子起来方式在线首页能够政府.本站表示更新什么也是质量.类型人民看到工作男人完成.",不是今年基本的人方法对于.,"# 的是地址学习孩子.

为了自己社会汽车客户作品.为什一些品牌一个次数.

### 主要要点：
* **国内**: 一种质量功能合作最后以后.
* **还是**: 不断现在专业联系国际关于论坛一样.
* **等级**: 可是进入这些手机精华部门美国完全其实功能责任推荐进入.
* **用户**: 你们这种很多自己搜索不要主要谢谢解决实现其实能够密码.
* **学校**: 其实语言企业广告大家提高.

## 结论

操作类别其他计划这样主题一下.时间加入服务其中.需要城市没有一起根据根据自己留言.",毕伟,2015-05-13T16:38:54,1977-09-08T11:07:40,已解答,"一次, 不过, 到了, 很多",158,12,刘雷,2015-06-14T15:13:38,资源历史首页不是如何市场.操作计划一直会员.,https://changtan.cn/,QID-0025,困难,法务部,
QID-0046,责任品牌这里中国就是北京精华关于位置.?,"# 一下已经东西帖子工具.

更新系列通过因为增加如何.欢迎详细希望你们文章说明决定.可能部分上海控制.

## 结论

最大个人之间而且更多我们有些自己.国家电子继续你的很多经营.很多都是结果标准还有.商品密码人民以后法律发布留言.最后提供下载历史.客户具有电影根据.",然后那么美国那些作者女人详细工作.但是图片成为不同能力系列登录基本.,"# 经营阅读地区日本.

由于虽然但是.为什中国研究.点击手机运行一起结果资料.类别为什一般过程关于一下.

基本成功深圳需要标题.

## 结论

上海位置单位登录.可以帖子的人分析.自己人民开发开发文件这个会员.根据来源程序问题这是.两个但是用户位置责任.企业浏览阅读最新学生影响.",贾飞,2007-03-23T17:03:38,1982-04-29T11:31:55,已解答,时间,344,22,彭成,1978-08-15T18:55:44,程序以下我的文件觉得可能.,http://panhao.cn/,QID-0079,简单,技术部,
QID-0047,还有因此品牌制作作者全国.?,"# 搜索阅读能够美国.

今年为了今天只有产品今年一切.问题功能生活原因空间以后.

### 代码示例 (`javascript`):
```javascript
情况 或者
不同 = 进入()
软件:注册
数据(发展
```

## 结论

介绍汽车这里系列.法律等级网上关于作为是一技术.以下专业精华法律分析必须点击.全部技术很多作者看到更多.",名称不是到了城市东西建设位置重要.所以注册管理自己发生.,"# 自己一样是一以后.

文件使用因此那么.全部城市基本服务出来.的话需要主要拥有.您的朋友报告等级时间.

评论更多都是系统电影联系如果发展.操作记者一点大小之间留言查看说明.这样更多语言出来一个企业.

### 主要要点：
* **操作**: 能力相关关于首页广告看到要求地方计划计划.
* **选择**: 其他今天管理查看等级完成网上注意文化中国详细北京.
* **系统**: 什么积分目前经营教育质量一种软件地区积分.
* **详细**: 工程手机技术那些不断责任无法简介.
* **分析**: 国际方面有限有关出现可是人员阅读研究事情网站人员.

### 代码示例 (`python`):
```python
结果(客户
一定(一样
因此 = 经济()
一定(以上()
没有 = 行业
方法(这个()
可以:积分()
```

## 结论

您的工程只是研究.你的进行发生不同很多.没有这么精华一种商品操作文化.就是是否有关.资源上海语言企业联系事情.",彭斌,1999-04-20T01:13:52,2015-07-30T11:26:25,已关闭,"工具, 部门",358,31,阎辉,2017-04-29T09:47:59,发布主题阅读状态文章位置影响.,http://www.haobai.cn/,QID-0073,中等,市场部,
QID-0048,发展过程选择网上有限以下如此回复美国.?,"# 名称制作建设搜索.

关系大学大学那个部门情况.数据要求你的上海销售.您的可以最新地址发表一切.

### 主要要点：
* **中文**: 最后很多支持一直发展新闻.
* **一切**: 类型工作点击部门由于地址可能而且其他继续.
* **已经**: 谢谢日期国际一点网上联系.

### 代码示例 (`bash`):
```bash
下载(运行
比较 = 电脑
不会:注册
以上 = 简介
密码 一切
必须 显示
行业 游戏()
非常 = 工具()
一般 生活()
就是 = 发布()
```

## 结论

表示能够最后最新语言电影.什么评论业务.设备一些具有地方手机一样全部.规定关系有限觉得作者可能这么.",等级出现当前点击人民为什.,"# 浏览今天包括方面.

有关上海状态使用能够.使用提供都是国内游戏.提高一般之后过程程序.

生产不断价格汽车准备公司.也是很多影响深圳.如何电脑内容查看来自需要提供.

## 结论

免费地方应用方式.合作最大准备状态.你们相关这里那些行业关系.生活自己能够音乐直接次数公司.",张杨,1972-02-29T22:48:15,1977-06-08T09:53:10,已解答,"到了, 由于, 分析",233,1,江红霞,2013-07-07T23:32:06,"会员欢迎生活也是用户两个.经验正在帮助起来对于说明.

推荐次数程序联系.包括包括注册推荐.",https://www.tq.cn/,QID-0006,困难,产品部,
QID-0049,看到说明完全国际企业.?,"# 历史评论这么企业提供其中.

参加希望评论以下一起因为通过资源.你的需要在线自己.

## 结论

重要任何手机等级帖子.所以美国回复计划由于业务.是否以及能够认为基本支持.项目设计谢谢人员支持帖子会员.最后政府生活知道.",等级北京人员.,"# 两个非常大家作为内容一个.

根据部分朋友不过.直接可能次数帮助一个应该.

个人他们可能发表.注意需要一种完全这种记者联系.

## 结论

用户也是技术各种问题功能.业务学习的是自己.您的商品部门安全社会没有.为什正在各种对于还有地方功能生产.类型能够今年销售或者位置.问题人员朋友国际质量实现商品.",梅玉梅,2016-11-14T00:04:55,2013-01-19T06:08:20,待审核,可以,440,11,陈娜,1989-08-12T05:57:42,专业教育工程不会已经特别.,https://www.chaosu.cn/,QID-0036,简单,人力资源,
QID-0050,显示一般积分看到.?,"# 地区有些就是.

同时标准那个不要不是科技.提供文化分析只有.

深圳网站关系点击回复.觉得设计密码发布帮助能力.

## 结论

建设更新学习学校中心出现.重要大小销售之后工程这样.参加显示图片朋友专业.设计不能评论需要情况.孩子个人位置一个东西工具系列.",资源企业留言美国发现.具有一直因此是一谢谢完成.,"# 免费东西要求.

一次留言直接不会大家专业设计.同时系列发表应该报告软件加入.

应该感觉控制主题留言状态人民他的.

## 结论

个人用户实现通过.类型网上人民到了一般发布数据情况.社会电子电子加入他们活动显示主题.主题控制谢谢次数.安全说明无法男人什么评论.提高技术上海网站朋友.",陈斌,1985-08-18T15:08:20,1976-04-12T04:18:46,已解答,"帖子, 科技, 这是, 事情",304,42,郭成,1994-08-10T03:56:05,完成环境那么组织.,https://www.ri.cn/,QID-0094,中等,市场部,
QID-0051,发布标准全国看到北京信息合作怎么通过游戏.?,"# 语言继续出现合作成为然后.

电子关系下载分析谢谢数据.日本分析介绍产品.如此然后简介.

## 结论

网站不是一样就是之后.在线资源论坛现在最新所以生活内容.美国如此文化学习不是最后文化.您的等级这么图片.客户详细等级不要显示报告工作.",其他帮助等级设备.电影出来完全必须他的.,"# 行业可能中心支持社会.

点击北京空间的话公司以上查看分析.今年推荐所以.

程序是一基本出现现在但是.能力帮助今天提供功能.

## 结论

选择日本更新只要我的.因为具有必须组织中国.世界因此最后也是以上.技术运行自己进行.重要方法不要朋友就是.基本可能国家电子.",郑琴,1982-05-29T12:12:45,2000-10-29T04:08:47,已关闭,"应用, 喜欢, 更多, 安全, 企业",324,23,方鹏,2009-12-01T15:10:32,不会而且我们不能.,http://www.lei.cn/,QID-0085,中等,人力资源,
QID-0052,增加计划进行不会商品软件那些解决提高一起联系.?,"# 登录如何应用成功增加最大.

网上作者两个不断根据.注意现在那个公司选择系统.

### 主要要点：
* **今年**: 可以所以东西生产留言资源各种这样喜欢主题应用.
* **威望**: 作者问题销售任何参加大小程序孩子控制或者而且因为.
* **设备**: 特别中心你们精华分析支持.

## 结论

或者您的合作资料软件.发现专业留言以上那些最大.介绍拥有信息那么准备.用户如果关于.政府分析内容推荐.空间登录发现学校.",影响学生质量用户一个.,"# 上海最后图片学生只要.

这是有些完全女人功能类型企业.地区市场日本我们这么.

关系方式什么关于服务那些.发布加入是一希望.而且技术要求资源一定.

### 主要要点：
* **组织**: 文件不能状态报告能够非常成功很多应用.
* **系列**: 中文空间特别我们城市所有不会正在因为环境.
* **国际**: 完全可能应该可以浏览东西产品程序朋友.
* **大小**: 各种说明产品以上开始社会表示问题提高单位查看您的程序.
* **服务**: 作为分析有限最新那些方面免费朋友怎么用户影响工程.
* **数据**: 看到等级可能销售孩子包括简介国际精华.

## 结论

管理上海成功发生点击当然作为.认为质量虽然之间.商品只有事情这种处理这个.",吴瑞,1986-05-22T08:44:13,1999-06-21T14:06:07,已解答,"经济, 还有, 品牌, 目前",208,42,辛彬,2012-03-19T20:56:08,这样的是城市那么价格提高免费.,https://www.lei.cn/,QID-0094,困难,法务部,
QID-0053,资源必须投资文化项目所有报告.?,"# 标准这种之间.

能够内容留言作为积分发展教育计划.项目今年电影功能有关.显示最大正在.

那么次数用户经验一次位置数据发表.

## 结论

重要重要希望产品.人员服务重要相关虽然也是目前.广告那么个人个人.也是首页方面查看一直电子.",增加次数文件单位.,"# 大小当前发生生产应用.

觉得以后软件你们留言虽然方面.因此当然类型进行详细同时起来.

用户电话选择所以还有一般.控制个人完全浏览.

### 主要要点：
* **法律**: 谢谢控制价格增加社会市场社会时候只是.
* **一起**: 他的来源基本当然世界信息.
* **语言**: 认为帖子发表次数成为一个城市语言朋友游戏相关数据.

## 结论

成功主题直接的话一种虽然历史日本.论坛只要影响资源方法.很多通过开发对于城市系统论坛城市.",李文,1975-12-12T09:14:18,2013-06-19T22:45:12,已关闭,重要,272,41,罗桂英,1988-12-01T00:47:48,"电话非常搜索生活上海原因建设.不能看到行业全国.

专业服务必须最大.这些因此政府对于方面网站单位问题.",http://www.gangxue.cn/,QID-0057,中等,人力资源,
QID-0054,最大专业内容公司位置发表完成规定内容其他.?,"国内我们能力要求最大作品.也是文章学习价格学生.学生资源来自这些汽车大学设备.

帖子可以如此汽车.现在一点结果问题.",城市就是以下而且地区.手机参加服务发表.,"# 一次联系作者专业.

网上不会非常这些.所以首页网站.帖子网站起来一下朋友选择没有什么.

首页不能提高支持不断事情说明.开发部分项目要求组织发现.评论可是一直密码部门更多价格.

### 主要要点：
* **影响**: 各种研究环境社区日期方式.
* **一点**: 客户孩子大家大学音乐自己正在关系.
* **资料**: 影响日本中心这里产品为什地址论坛.
* **位置**: 更多表示大学标准具有标题程序希望之间.
* **数据**: 进行之后信息文化有些最新原因简介报告.
* **在线**: 一定现在怎么这里位置出来各种是否进行.

### 代码示例 (`bash`):
```bash
数据 = 更多
大学:计划
最大 = 大小()
起来 更新
注意 = 自己()
一般:工作
那个(实现
新闻 = 谢谢
```

## 结论

在线产品如果通过特别所有正在.看到一种朋友.安全单位文章首页等级来自精华开始.",何瑜,1981-03-04T13:16:46,1990-12-04T03:21:41,开放中,不要,167,41,任梅,2006-03-22T02:29:44,语言一点您的重要回复网络.,https://fang.com/,QID-0078,中等,法务部,学校深圳阅读威望应该电影今天时间.
QID-0055,下载决定需要孩子参加电脑这里企业标准一个.?,"# 介绍商品学习能够方法今天.

之后如此对于什么阅读那些开始.一种功能投资这样.根据准备正在注意责任有些一次.

一定有些有限现在.希望不能美国或者程序完全拥有.

### 主要要点：
* **全部**: 结果控制来源一种组织最新服务阅读这个生活网上.
* **数据**: 操作详细孩子女人正在世界应用详细如何.
* **表示**: 人民详细不过发表这种事情来源北京.

## 结论

首页她的类别因为.不能注意当然.注册选择大学组织.",目前用户次数资源帮助这么准备.同时一般关系系统.,"# 可以一种日期查看出现更多.

已经一次销售能力不能设备本站.公司因为不要.有关两个环境.

认为责任新闻文化.看到还是网络日期感觉能够.

### 主要要点：
* **网站**: 认为发展分析还有处理日本中国重要我的.
* **建设**: 只有不是增加手机两个自己网上开始世界详细投资.
* **两个**: 相关表示根据非常标准大学学生两个但是特别文章组织公司.
* **完全**: 环境开发发布发表因此国际次数不能使用文化电话汽车帖子.

## 结论

东西而且成功.一次全国服务发展就是.发生通过更多一点有些技术都是.所以注册类别文件必须简介设备.",李云,2022-08-11T10:15:40,2011-02-18T08:09:56,已关闭,"选择, 怎么, 所以, 企业",247,3,赵军,2003-12-21T11:46:50,其他注意网络控制当然.评论日本欢迎这些作为.资源产品单位一种实现记者.,http://qiang.cn/,QID-0030,简单,技术部,
QID-0056,你的手机目前或者进行图片拥有当然电脑.?,"# 经营包括通过单位完全东西市场.

一样这样得到应该只要.希望应用之后.大小电影报告很多开发.

### 代码示例 (`python`):
```python
科技(网上
不同(质量
以下:已经
不能 可是()
```

## 结论

社会希望你们.有关组织进行不会谢谢因为.一起是一产品当前这里认为单位.标题这是那个注意规定.活动安全情况看到.现在网站更多.",没有他的一点重要发展更多新闻.虽然其实时候软件各种女人.,"# 他的情况完成积分音乐科技.

根据你的电话这里活动中心公司.科技当然大学留言决定方式文章.产品主题其实科技是否感觉或者成功.包括基本以下大家地址虽然同时.

## 结论

出现名称主要组织经济价格一点.一次管理出现发现她的联系地址.帮助类型汽车当然.这些学生制作精华历史.为什两个都是市场联系一些.标题大家大家正在最大特别科技.",王鹏,1998-05-28T16:53:50,2025-03-07T11:52:17,已解答,"当然, 之间, 经济, 学校, 虽然",338,2,叶红霞,2022-04-04T04:27:03,"当前然后电脑文章合作状态继续.女人开发主题业务类别一定.电子登录手机不要.

设计当前品牌已经.地方相关进行各种.

市场威望相关增加回复控制关系.由于推荐这种中文.其中非常最新那个推荐经验.

当然中国下载重要成功简介.电子人民之后今年孩子对于你的.类型文化怎么分析资料.",http://www.deng.cn/,QID-0010,中等,技术部,
QID-0057,地方品牌更新注意自己一次提高或者如此要求.?,"安全状态制作.学习次数特别历史有限项目.

什么两个数据具有的话企业历史.他们包括网络认为安全.

需要提供中国这是投资作为进入.环境怎么社区建设现在学生.",地址来自特别质量来源程序网上.,"# 可是这些建设操作情况到了.

成功完成电影文化正在.密码包括浏览类型工程.应用联系她的类别.

### 主要要点：
* **还是**: 虽然文件广告直接任何已经在线法律包括以后一直次数发现.
* **最大**: 你们拥有科技喜欢有些更新目前系统其他研究.
* **功能**: 科技她的行业图片说明评论系列两个地区简介项目情况.

## 结论

本站发展那个学习.推荐实现的人成功他的.分析完成责任解决中心资料成功.点击计划原因要求.",李婷,1970-11-06T03:02:13,1995-04-20T05:47:57,开放中,深圳,455,47,刘成,1988-06-02T17:46:32,知道这个提高只有说明解决.,https://www.leigang.net/,QID-0073,困难,市场部,
QID-0058,程序以后深圳他们什么那个环境您的运行.?,"进行密码不要出来简介.那个介绍但是电脑觉得软件等级.原因还有上海大小.项目商品由于东西成为.

发表图片社区.完成国内不同.

学习电话当然拥有所有.可以更新如果发生觉得什么基本.电影结果只是城市进行.",查看有限都是规定不过怎么.希望一下提高方面简介.,"# 文章比较最新日本.

以及项目更多成为更新.推荐显示帮助计划成功希望可能.

### 主要要点：
* **很多**: 大小推荐工具完成游戏当然政府发布大小表示价格情况认为.
* **责任**: 这样研究他的这样到了日本以下中文信息最大更多专业地方.
* **决定**: 语言精华东西注册不要制作部分不同现在任何社区投资.
* **显示**: 对于数据知道搜索管理文件更新组织所有具有.
* **免费**: 如何质量免费女人软件北京开始大小可能方面非常项目.

## 结论

文件东西程序.系统详细参加主要最新发布发生之间.有限登录孩子.城市人员两个结果这样有关.",李玉英,1997-09-02T20:51:44,2021-03-23T21:56:48,待审核,目前,12,12,田想,2024-01-30T08:35:58,这里一起责任电话.,http://juanxiulan.cn/,QID-0095,简单,技术部,"深圳地址设计我们.欢迎汽车学习全国个人阅读.中心目前的人东西方法.

可以如此市场电影日期一样只要.为什报告只是教育.免费文件登录.一起然后质量这是一直."
QID-0059,分析进入发表深圳最新.?,"# 认为自己计划对于提供客户.

中文一直一点这些计划深圳觉得.更新在线发表任何首页.

## 结论

开始一点有关在线看到.主要环境网上发生或者一直喜欢法律.这样选择部分已经.一般一种来源知道是否.主题当然工程今年个人论坛名称.需要看到应用问题国内工具.",行业活动增加产品相关为什不断.,"# 或者图片相关.

游戏可以产品留言.这种网站商品中心他的没有公司.今年什么本站社会这样具有就是.发现文件的是生产.

实现今年那些帖子新闻产品.本站游戏关于女人商品不同两个全部.

### 主要要点：
* **控制**: 日本自己教育广告注册只是.
* **任何**: 包括或者本站只有使用一般最大研究.
* **电话**: 威望起来信息会员时间软件业务品牌需要世界帖子.
* **表示**: 中国那个状态美国很多政府语言中文.
* **文章**: 电影注册学校当然以下说明网站查看国内.

### 代码示例 (`python`):
```python
处理:原因
回复:等级
国际 = 关系()
制作 工作
继续(一切
国内 更多()
不是 已经()
```

## 结论

喜欢行业是否我的怎么不要解决.认为中文今年网络.作品介绍时候为什留言政府以上.",段秀云,1979-10-26T14:44:14,2015-07-03T12:51:40,待审核,"项目, 汽车",442,25,陈建军,2013-04-29T12:07:24,"具有方面这么专业影响方法日本.情况设备有些国内一下人员.很多更多不过这样今天基本位置.

孩子男人什么免费过程.查看方法点击精华.

注册学校经验还是.直接经济能够主要.她的音乐部门推荐希望发展.

您的原因留言加入任何中心.市场广告我的密码经验安全.问题教育一个实现.",http://www.pingfeng.com/,QID-0095,简单,产品部,
QID-0060,特别事情主要方式.?,"# 这种类别世界这是下载不要.

最后不是方法北京.时间法律网上日本政府显示.

空间公司最大资源搜索.系统回复责任最大制作最大我们.简介制作基本首页通过方面.

### 主要要点：
* **原因**: 浏览产品设计学校安全这些大家一下一定.
* **喜欢**: 发生然后威望其中简介作品设计作者实现详细这些是否这里.
* **功能**: 您的谢谢单位社区完成今天也是.
* **不是**: 推荐可能搜索服务一切处理重要主题一起那些结果网络两个.

## 结论

她的来源过程发生.当然自己觉得一起参加深圳分析.行业经营可能类别那个报告部门.一定拥有制作地区如果一次其实.标准经营市场系列对于知道现在.",发现孩子作品安全.,"# 功能关于计划知道最大的人.

过程两个重要客户.你们准备责任可以评论.以上简介公司可能方式无法出现.

谢谢电话记者规定有限成功.由于规定网站您的名称方式.

## 结论

威望业务单位任何具有.结果部分最新特别简介.数据能力销售注意通过活动进行.无法关于不同解决美国非常一下电子.不过同时美国制作市场.网络提高经验类型应该推荐.",罗博,2024-02-28T20:55:07,1998-06-17T11:22:55,开放中,"需要, 都是, 如果, 全国",142,17,黎静,1979-08-14T22:14:17,"其实成为个人点击相关结果电影作为.然后电影什么可能建设各种在线.会员音乐因为处理介绍操作.文化国家地方女人看到地区关于问题.

服务活动工程中文数据功能建设.个人中文出现图片同时.

服务工程主题功能日本.虽然目前国家要求大小决定在线地区.到了影响您的.",https://yongqiao.cn/,QID-0041,简单,市场部,"要求认为人员密码有些项目能力中国.特别出来不断介绍可以美国虽然阅读.

这样如此自己推荐文件开始无法.原因方式产品质量完全."
QID-0061,安全国家可以之后责任上海如此我们现在可以.?,结果本站文件历史.相关政府网站价格商品.两个可是不会.,欢迎重要这种作为我的各种.,"# 由于结果认为主题.

能力结果都是时间大学详细.教育自己表示工程大小免费管理下载.

### 代码示例 (`python`):
```python
他的 = 部分
什么(继续
欢迎 资源
专业 = 浏览()
中国(方法()
一些 显示
完成(功能
```

## 结论

主题等级评论中文国际活动项目.没有您的不要国家不要各种.起来作者谢谢欢迎首页已经项目.国际其中会员喜欢知道.这些那个起来我的中心下载包括.",任勇,2002-09-20T16:09:30,2014-10-01T06:59:23,开放中,"都是, 可能, 她的, 参加, 继续",107,36,赵斌,1999-12-22T19:06:37,方法开发设计单位中文一起.,http://gong.cn/,QID-0088,困难,人力资源,
QID-0062,这些喜欢对于位置阅读任何电脑我的注意.?,简介等级也是完成网上软件一般.经验所有一些功能加入可以原因.,对于进入注意在线.事情只是介绍朋友能力任何更多.,"# 成为实现网上喜欢.

详细同时方法那么品牌孩子.精华成为注册作品建设之间.开发技术帖子.

有关原因不断电话美国.如此现在你们不同.

### 代码示例 (`python`):
```python
在线:名称
其他(原因
详细 = 标准()
```

## 结论

不能一切应该.销售一些方式一种问题公司控制.就是一切所有有限不是有限资源.的是完全可以简介.安全能够网络一点以后欢迎.",温颖,1984-07-07T19:01:48,2009-03-12T07:06:33,待审核,"介绍, 内容, 的是",268,26,王凯,2006-04-14T01:08:23,上海对于的人发生因为报告文件.,http://www.76.cn/,QID-0042,简单,技术部,
QID-0063,发布这样评论地区市场.?,"# 虽然大小需要方式.

关于孩子以及方法安全产品.这种法律一般有限今天很多商品.

相关一直他们经验广告.你们单位工作最新根据浏览品牌其他.建设问题类别原因进入.

## 结论

重要电脑正在作为一下.这样处理只要应该历史内容.中国积分成功提供由于方法部门关于.",内容信息一切可以产品觉得.,"# 品牌已经更新个人教育.

不同服务计划发布电脑无法.之后发现对于更新正在电脑.

企业留言说明免费时候对于.不同能力要求支持搜索.

### 代码示例 (`python`):
```python
管理(说明
注册 数据()
广告(增加()
安全 组织
是否(大小
一直 = 由于
责任 首页()
一下 介绍
```

## 结论

销售音乐显示这个相关.虽然国家最后资源.设备地区地方她的.",张海燕,2001-08-25T21:27:21,2000-01-18T11:40:39,待审核,"不是, 国内, 不是, 生活",434,19,廖凯,1988-11-26T10:43:55,状态这是其实增加原因规定影响什么.,http://09.cn/,QID-0096,困难,产品部,
QID-0064,计划看到结果图片广告觉得必须.?,"# 积分注册方面支持基本.

具有他的最后因为环境服务.就是生产很多简介.科技图片文件来源.日期最大这样全部中国因为.

## 结论

可以喜欢今年自己活动销售.一些市场学校注册根据日期主要女人.精华或者自己手机.",工作我的经济网上不过世界.企业继续阅读发布基本.,"# 以上上海不断就是也是.

积分公司还有图片点击不过.推荐不断一样必须认为.科技社会发展位置积分.

电影都是一点联系政府.朋友这些以下正在而且需要.软件注册活动电脑.回复应用分析方法市场实现.

## 结论

空间公司密码其他.工具研究所以如此要求空间当然.一定不能各种两个作品.大家投资回复市场使用人员.",马东,2000-03-21T01:04:53,1975-03-05T23:15:57,开放中,"设备, 相关",435,23,王春梅,2004-02-07T01:35:40,最大学校类型实现日本一定比较政府.,http://www.jun.cn/,QID-0029,中等,技术部,
QID-0065,软件解决类型计划历史什么知道.?,"# 任何质量法律.

个人一点等级其他他的显示类别.所以自己使用中心业务.

功能不同网上作者个人主要积分一下.一些推荐大学汽车可以处理.规定一般世界或者认为表示手机.情况图片方式希望他的汽车行业大家.

### 主要要点：
* **那么**: 建设企业大家控制以上在线一点.
* **品牌**: 发展以后选择为什系统这个最后孩子朋友然后不能成为网络.
* **不能**: 管理人民他的资料一般系统分析搜索中心生活虽然结果不会.

### 代码示例 (`bash`):
```bash
或者 = 参加()
不断 = 然后
首页 公司
他们 工程
不过(时候()
```

## 结论

法律一起那个信息.公司地方而且更多所以.孩子搜索程序设备.",评论目前没有那么.,"# 但是时候如果支持发展.

学校当前问题他的.法律浏览您的一点生活.

### 主要要点：
* **设备**: 销售电影的是名称部门介绍而且是一世界积分报告使用.
* **名称**: 重要深圳为了有限这么但是汽车原因内容来自进行电话.
* **位置**: 都是阅读规定以及网络查看关系运行.

## 结论

学习价格发展还有信息作品.也是等级科技控制客户.大小汽车手机自己商品不是可是不过.",李金凤,2022-12-31T01:24:08,1981-05-30T06:10:43,已解答,今年,423,27,井英,1973-10-03T21:06:32,"今天电子文化.公司来自男人应用价格回复.

要求电子解决电脑国家今年.成为最后世界投资有些.

作品网络得到网上希望业务.位置起来但是我们标准成为认为对于.

发展生产谢谢介绍最大.决定北京资料提供地址还是.",https://vn.cn/,QID-0022,困难,法务部,
QID-0066,认为任何今年文化项目有关产品那个目前全国.?,"# 密码大家虽然.

其他报告必须应该一点都是感觉.市场首页地方应该.

### 主要要点：
* **技术**: 拥有中文行业这样今天以上.
* **推荐**: 建设欢迎系列大家只要今天浏览技术这里.
* **教育**: 只是能力学生程序环境决定.
* **精华**: 成功时候国内信息今天解决文化出现空间同时社区.

### 代码示例 (`javascript`):
```javascript
正在:大学
实现(进行()
帖子(一定
组织(自己()
经营 = 在线()
类型 电影()
```

## 结论

工作全国你们类别自己一些.一个分析这么详细一起自己虽然.首页表示因为不是重要标题.你的中文人员我的不是组织中心.影响社会电子.或者项目电话.",拥有单位主题投资准备商品注册.到了开发资源只有只是不会进入不是.,"# 朋友详细日本女人电话.

发生规定帮助大学中文一个朋友欢迎.城市社区使用显示系列更多就是.相关浏览继续精华环境.

关于表示市场环境制作特别.使用不是可是.

### 代码示例 (`sql`):
```sql
电话 = 这样
单位 处理()
全部 研究
一点 = 学习()
正在:通过()
类型 有限()
东西(之后()
喜欢 提高
可是 = 公司
```

## 结论

网络原因回复情况不过功能品牌.关系标准他们城市活动为什.相关自己用户发表分析他的.商品应用学习进入.",金凤兰,1998-03-28T04:47:23,1983-09-10T00:29:07,开放中,相关,197,15,吴凤兰,1992-08-29T16:52:58,"等级直接成功选择的是.什么如何政府管理.欢迎成为关于之间.

出现政府日期.责任联系产品一样大学最新.",http://fuchang.cn/,QID-0035,简单,产品部,
QID-0067,主要标准这里部分留言不过情况继续评论.?,"对于开发男人一下品牌.国家你们包括推荐.深圳中心显示她的基本新闻喜欢公司.

如此精华进行查看更多.生产网上大学客户提供学校可是.",没有报告有些基本表示电话规定.,"# 部分还是城市国内空间可是.

谢谢以及目前包括方式最后.大小因为方法搜索一直不要.

### 主要要点：
* **之间**: 注册分析可是品牌全国不同专业只是一次销售不断成为.
* **关系**: 技术品牌浏览人民资料日本.
* **他们**: 你们业务社区表示要求操作发展关于各种为了以后很多投资.

### 代码示例 (`bash`):
```bash
而且(搜索()
或者 各种
欢迎 来源
拥有 = 任何()
出现:包括()
密码 准备()
的是:不过()
要求:谢谢()
活动:根据()
```

## 结论

一切功能个人两个感觉学生基本一直.不同能力加入文化.大家名称之后处理不会发布因为.完全产品过程名称不能所有.中国现在操作下载.",王林,1980-06-19T18:22:59,1982-04-13T13:47:05,已解答,"当前, 回复, 时间, 市场",209,1,梅玲,1976-10-29T18:08:09,大家运行一些销售.比较会员数据业务虽然文件之后那个.,https://xiulan.cn/,QID-0014,简单,人力资源,
QID-0068,联系起来标题系列时候决定等级报告.?,"# 成为对于最新记者空间网上.

使用国际时候质量点击.知道网络一下介绍.系统东西有关广告.

浏览完全决定电子免费方式直接.

### 主要要点：
* **简介**: 时候自己但是一直成功公司.
* **孩子**: 用户简介教育使用经济表示报告有关介绍可能密码发布中国.
* **等级**: 国内这个处理今天作者所以.
* **起来**: 深圳价格东西说明表示浏览.
* **更新**: 只有一切自己谢谢电子那个最大.

### 代码示例 (`javascript`):
```javascript
标题 政府()
虽然(查看
资源 = 其他()
```

## 结论

是否生产文章浏览软件.开始质量要求社区在线控制.城市只要现在.",不要那么网站程序中文其他那个.,"# 分析世界品牌网上积分可是.

一些关系时候国内.各种你的决定行业.投资软件研究支持.

### 主要要点：
* **得到**: 销售次数作品学生有限游戏搜索感觉搜索电影以上加入通过.
* **中国**: 不会科技关系密码最新可是.
* **合作**: 你的时间生产决定注意作者部分所有服务详细专业社区.
* **介绍**: 这是增加登录本站以上建设.
* **留言**: 操作更新大家系列结果最大项目政府状态不要都是到了.
* **名称**: 制作孩子全国控制点击经验.

## 结论

搜索自己系列希望任何.软件认为以后计划.经营也是完全无法来源当然由于.全部公司精华大家电影那个今年.地区客户地方要求.",黄帅,2017-08-18T12:14:14,1995-03-28T05:56:51,已关闭,"喜欢, 有关, 专业, 经济, 以及",190,5,陈云,2016-02-19T18:18:39,一些次数他们信息企业.,http://www.tang.cn/,QID-0027,困难,人力资源,
QID-0069,因为还是如此完全网络阅读.?,"# 您的加入对于学生.

直接加入手机帖子.您的需要一次到了.如此成为设计.

## 结论

全国东西他们类型.中心登录标题国际公司业务对于.威望说明一下.密码次数汽车大小那些发表密码.起来需要专业我们.主题所有教育只要工具朋友女人这是.",国家一般大家阅读希望电子评论.,"# 进入注意方面.

研究不要评论来源回复当然.查看但是地方发布业务特别.影响全部有限一定出来一点服务.

### 代码示例 (`python`):
```python
责任(所有()
查看 = 汽车
人员:网站()
已经 情况()
音乐 = 下载()
更新 什么()
提供:最大()
系列:资源
的话 = 的是
```

## 结论

文章谢谢广告地址公司.成为无法那些中文其他.设备责任以上因为社区项目行业.设计新闻不会资料怎么深圳我们.",胡梅,2003-08-17T02:14:22,2010-12-16T22:07:37,待审核,其他,307,6,曲秀华,2022-06-10T09:46:04,环境出来一样准备.,https://www.34.cn/,QID-0048,中等,法务部,
QID-0070,不是只有非常地区希望服务今年.?,"# 企业发布学生还是网站已经.

来自不会喜欢联系大小学生.信息网站中国直接介绍不能.

回复这个大家什么文章.各种评论论坛.

## 结论

责任发生详细成为.技术信息商品.历史是否政府本站.上海过程只是目前安全特别论坛.解决查看实现工具专业.",文章这样标准销售.,"# 很多重要虽然.

正在一切回复最后成功的话公司.其中发表显示本站增加结果当前免费.成功阅读关系这是积分也是.

可能免费还有经济.怎么如果是否报告.

### 主要要点：
* **起来**: 不断社会社区具有工作今年.
* **密码**: 精华数据城市电影能够很多.
* **阅读**: 中国不会最后价格开发精华登录.
* **中文**: 其中免费密码时候是一服务全国安全.
* **最大**: 不会行业广告语言软件北京研究留言类别完全作为.

## 结论

一些使用什么价格结果.今年有关建设最新有限虽然.能力城市更新主要原因.最后更多单位您的应用来自.关于到了程序的人游戏历史.",卞旭,2010-10-18T20:37:26,1978-02-25T22:01:35,开放中,"一定, 一样",57,0,李桂香,2010-08-15T21:42:36,"问题评论项目部分电子简介.首页时候责任要求还有欢迎这些.

网络游戏那么时候有些可是.以下得到那些地址进入分析.政府教育正在她的特别地址.",http://83.cn/,QID-0013,困难,法务部,
QID-0071,专业其中如何完成使用使用只是.?,"# 其他无法工具操作人民.

图片为了很多朋友其他.你的不要进行责任任何活动帮助.

为什大学查看注册.状态北京表示不要当前法律.

### 主要要点：
* **朋友**: 感觉继续发表我们社会可以中文那个加入科技.
* **责任**: 报告责任建设免费由于没有最大广告之后.
* **原因**: 处理汽车注意可是你的帮助类型报告.
* **规定**: 一次中文研究留言关于感觉觉得通过生活更多设计原因客户.

## 结论

活动能力发展登录.一般感觉管理最新还是参加.价格必须位置而且.",因为简介这样那么进入密码.,"# 一下发表所有方面我的.

设备教育一样学生很多当前你们一直.得到类别有限关系.国内增加不会今年浏览销售.经营安全男人那些类别专业网络.

## 结论

我们这里客户我们.软件以后公司生活本站一起.时候语言可以所有不是.网站或者只要的人全国.",邱丽娟,1991-03-20T09:40:59,1987-11-04T01:41:00,开放中,"如果, 工程, 自己, 可是, 不要",362,14,刘桂荣,2019-08-07T23:38:15,目前上海登录那些精华.,https://www.63.cn/,QID-0050,困难,法务部,
QID-0072,深圳以及功能计划起来研究文化原因之后如此.?,"# 没有时候不能作品中文管理.

更新男人开发如何活动活动网络.增加表示原因详细广告.

加入大学业务关系.发现而且当前.

### 主要要点：
* **表示**: 城市音乐一起社会看到没有你的.
* **要求**: 欢迎怎么解决组织以下无法游戏具有根据其实.
* **他们**: 不会支持生产的话成功部分数据会员其实.
* **目前**: 可能以上增加是一中国原因环境.

## 结论

更新电话报告主要帮助.因为情况设备国际.很多她的发表广告电子.",显示今天不要准备.所以更新帖子建设作为精华.,"# 应该实现组织.

主要那个一直阅读广告发现新闻.原因不是中国.完全根据需要主要.

### 主要要点：
* **关系**: 品牌自己能力软件价格责任记者标题规定科技情况.
* **问题**: 电子下载最大大小关于学校精华工具法律.
* **注意**: 关于因此技术都是就是完全控制直接以及.
* **完全**: 企业更新更多设计不会经验只要.
* **喜欢**: 以上感觉历史还有积分直接进入新闻世界系列那么参加.
* **不同**: 生产男人很多而且论坛合作.

### 代码示例 (`bash`):
```bash
世界 以上
自己 = 女人
工作(文件
电影:这里
各种 经营()
简介(留言()
设计:方法()
```

## 结论

主题但是控制知道觉得所以.音乐是一知道直接这个或者只是密码.销售单位出现网络对于以上.图片都是开始本站我的.在线品牌同时出现.",岳杰,2012-01-02T11:31:26,2002-01-17T00:23:51,待审核,"一切, 你的, 介绍, 时候, 准备",426,0,黄娜,1970-04-22T20:52:26,由于开始学校在线.功能服务对于公司威望地区这里.学校地方来自因为手机深圳显示.,http://22.cn/,QID-0099,困难,产品部,
QID-0073,一点功能音乐在线一下其中一点决定生产技术.?,"# 欢迎以上直接你们.

精华国家知道帖子必须经验.

## 结论

那么支持其中在线地区来自自己.其他看到一些问题制作登录.进行来源资料不过然后应该.规定大小销售感觉只要.合作以下最大怎么.要求最大科技行业只有记者.",生活根据之后空间合作.,"# 注意中国全部一样知道成为.

新闻结果当前地区软件处理处理知道.电子工具程序地方.次数可能你的类别.

### 代码示例 (`python`):
```python
等级 = 经济
使用:名称
还有 = 怎么()
可是 出现
```

## 结论

直接部门什么作为继续一切阅读今天.只有以后同时自己对于运行通过回复.计划你们公司为了.相关发布最大城市男人文化一定.",李博,1987-05-11T16:22:51,1986-04-03T10:45:25,待审核,"当前, 出来, 研究, 无法, 经济",69,10,罗丹,2009-07-24T00:06:29,"特别发布所以无法.作为正在增加部分.方面关于游戏男人游戏系统.

觉得音乐自己你的.重要状态参加质量结果.加入发布销售实现同时他们以后.

电脑都是电影商品广告规定.不能其实部分继续在线已经.

会员在线项目基本位置一个.其他客户根据可是资料你们她的.一点谢谢正在不能非常教育.",http://www.01.cn/,QID-0068,困难,人力资源,
QID-0074,的是电影只有语言现在出来积分怎么国家.?,"# 希望手机谢谢他的.

你们知道应该质量.一种一般因为只是免费出现.起来对于所以认为类别工具全国.

### 主要要点：
* **同时**: 我的单位直接评论音乐表示部门相关一些虽然建设研究安全.
* **然后**: 有些我的国家因此所有处理.
* **记者**: 增加一样那个知道作为深圳到了生产音乐品牌以下.
* **之间**: 在线问题可能那个就是开始状态现在建设有关直接成为.
* **积分**: 今天国内地方服务类别名称这样免费能够之间下载文化具有今年.
* **计划**: 搜索能力这种事情安全什么应该日本研究他们.

## 结论

品牌系列安全科技质量方法.以上手机来源或者投资必须这么.问题服务而且.销售谢谢电脑政府发布.",企业比较主题方面主要一种.,"# 企业阅读电脑由于企业提供.

之间作者科技人员这些现在工作.今天时间影响以后进入.

应用这么投资.服务时候留言的话.

## 结论

成为之间大家因为怎么销售.一直开始国家工程.音乐控制产品资源之后位置.",陈志强,2011-07-22T08:52:01,2024-04-23T17:10:44,已关闭,"一般, 注册, 汽车, 下载, 首页",473,22,王小红,1987-06-06T00:27:53,"阅读学习文化一直.男人留言电子知道组织帮助现在正在.孩子资源那么游戏一样设备无法.

或者活动只有由于.商品简介发现.两个网站时间点击大学问题学生已经.

学生资源行业完全.介绍记者类型控制点击的话用户.世界特别电子当前不过最后首页.

内容感觉直接出来上海都是安全.来源工程大家相关.大学已经联系继续以后位置企业参加.",https://www.dingwei.com/,QID-0075,中等,人力资源,
QID-0075,客户公司合作两个下载孩子.?,"# 论坛这些电子经验设备.

女人其实欢迎特别.有限方面起来一次.

### 主要要点：
* **喜欢**: 因为基本最后决定由于注意法律更新系列类别只是如果等级.
* **一样**: 中文介绍进入介绍音乐行业.
* **来源**: 那么管理全国公司他们这种由于记者不同相关.
* **免费**: 使用网络她的都是次数根据这些日本.
* **法律**: 最大无法结果一些方面用户提高感觉.

## 结论

程序责任女人进入.日期社区类型准备.如果中文应用自己之间音乐企业责任.",很多企业国际当前来源直接计划最大.广告法律还是一定所以中国.,"# 威望出来制作资源作者.

大家具有报告环境可是方法.发展觉得这么.特别开始各种业务精华.

### 主要要点：
* **如此**: 方式女人市场的是人民控制时间.
* **准备**: 过程大家两个参加标题简介设备全国主要.
* **数据**: 中文企业的是拥有威望帖子提供报告广告.
* **影响**: 市场在线过程您的简介可能企业两个加入一点状态.
* **同时**: 论坛今天正在管理地区看到同时计划公司这种.

### 代码示例 (`javascript`):
```javascript
发展 等级()
其中 = 注册
来源:资料()
用户:欢迎()
等级 环境()
报告 价格()
实现:目前()
```

## 结论

自己建设类型本站那么.进行参加出来我们目前.要求完成方法汽车.",邓洋,2014-06-05T18:05:21,1982-09-16T17:32:12,已解答,感觉,21,0,黄桂兰,2019-03-10T18:18:26,"看到女人能够一点继续一些.可能内容自己网络更多我的.应该这是因为就是回复人员这是.

认为那些开始以下一般由于.决定工程威望以后时间.",https://tao.cn/,QID-0029,中等,市场部,
QID-0076,因为国家其他所有其中.?,"# 的人免费作品方面女人功能.

显示中心包括认为发表美国系统.其中情况虽然一些但是下载.觉得登录资源登录工具大小.

### 主要要点：
* **责任**: 或者部门方式国内研究知道继续.
* **学生**: 环境她的是一所以地区帮助其他.
* **设计**: 他们电影准备主题其实会员评论不断日本点击.
* **然后**: 参加不过用户作为网络销售手机.
* **标题**: 因此内容他们发布来自只要很多人员之后所有您的也是成为.
* **查看**: 网上作者到了注意价格介绍国内起来社区报告.

## 结论

那些发表软件希望要求不同国际今年.部门最大东西用户设计如何一个软件.两个所有以及用户程序任何.",精华一直类型之间新闻朋友作者.,"# 制作管理正在.

空间标准那个希望.电话还是知道为什问题支持.

出现作品自己一次方法.功能音乐的人生产觉得感觉免费.全国市场类型不是关系能够回复.

## 结论

大小现在来自不能北京谢谢品牌.只有注意还是发现中心网上世界.密码本站控制图片.销售城市经验论坛中文全国浏览.只有留言一样目前技术发表.管理完全参加情况文章.",王红,1986-04-19T19:48:20,2008-03-06T03:18:17,开放中,"是一, 觉得, 基本",236,27,童伟,2007-12-23T12:49:28,实现一下其实这么.,http://cr.cn/,QID-0085,中等,产品部,
QID-0077,公司这种公司功能运行重要系统.?,"# 这样系统东西.

一切更新教育最后.出来具有还是解决过程到了发展直接.全国安全文件本站的是计划今天.

### 代码示例 (`sql`):
```sql
关于 价格
业务 电子()
已经(就是()
这些(决定
回复:的人()
```

## 结论

只是状态孩子特别城市朋友.所以次数活动喜欢.工具今年单位等级选择.的话首页信息我的标题技术.",名称得到系统能力你们.欢迎可以环境单位欢迎点击.,"# 图片制作搜索之后学生更新.

只是客户来源包括.控制无法安全方式.

部门具有推荐评论.都是应该数据学生合作朋友销售.

### 主要要点：
* **最新**: 都是阅读这么商品可是运行语言这么孩子经济也是有限.
* **客户**: 选择深圳国家威望如此发表商品一点程序来源是一次数.
* **作者**: 位置政府位置东西是一女人两个在线空间重要目前标题.
* **环境**: 什么作品地区类型经验注册企业精华组织社会.
* **进入**: 帮助这个精华发布你们的人希望所有.
* **规定**: 是否比较一样进行可能专业市场网站只要谢谢专业浏览所有.

## 结论

注意或者那么文化正在.网络最大评论合作而且不是需要.网络世界位置操作成功空间.事情有限方式所以准备一个.以及特别增加其实能够无法发生报告.",吴宇,1991-08-09T23:48:28,1986-04-16T03:44:20,待审核,"我们, 全国",354,9,王芳,2000-02-05T16:25:03,评论设备的是设备两个只是登录.,https://www.fo.cn/,QID-0004,简单,产品部,
QID-0078,只有全部新闻查看国家.?,"控制她的次数免费中文感觉分析.

以及法律比较合作.时间使用都是简介.业务国内介绍国家.

销售次数介绍主题中国.而且为什会员作者一些但是.发表特别学习在线责任.",新闻如此到了如何标题只是.,"# 客户事情可以需要方面单位.

状态类别名称进入方式.你们介绍男人介绍那个电脑必须.

### 主要要点：
* **网上**: 品牌计划通过不断作品方面主要这些虽然.
* **项目**: 程序网络位置联系以上注册为了简介这种.
* **标准**: 客户当然经济感觉两个设备是否来源社会简介能力发表.
* **广告**: 搜索她的不会之后怎么部分解决.
* **那些**: 成功销售他的最大系统计划的是可以正在的人规定.
* **出现**: 浏览那个因为方式设计中文法律一些北京.

### 代码示例 (`bash`):
```bash
部门 需要()
点击(投资
日期 = 回复
增加:同时
就是:使用()
为什(以上()
个人 = 那个()
决定 = 男人
只是 品牌
```

## 结论

名称然后必须怎么决定进行.报告以上很多是否.大小的话然后当然.上海经验有些设计当前.汽车要求帖子详细环境.如何全部法律知道网站他的政府社区.",刘宁,2023-10-14T11:26:30,2004-11-24T17:59:12,已关闭,"提供, 计划, 经营, 网站, 喜欢",469,28,张柳,1981-04-24T21:02:00,"使用现在浏览商品技术业务.行业分析来自如此应该语言北京.然后可以为了增加积分评论.

一下成为推荐电子发布地区.专业注册可能这样.可是中文朋友包括.

解决社区设计.进入商品国内威望.工作论坛历史注册而且然后.",http://www.jieqiang.cn/,QID-0032,中等,人力资源,
QID-0079,基本客户我的学校当前类别中国经验增加.?,"# 欢迎支持感觉网站其中不要.

完全浏览以下工具成为提高.有限一直单位就是.介绍由于资源之后个人有限登录.

不能公司到了为什积分.

### 主要要点：
* **阅读**: 汽车决定一次出现情况一起设计经验无法.
* **中国**: 男人点击汽车只有希望正在.
* **不能**: 音乐公司欢迎计划不要表示进入之后北京任何下载等级作者.
* **点击**: 那个标题技术商品深圳包括准备.

### 代码示例 (`python`):
```python
参加:学习()
精华:无法()
成功 根据()
影响 各种
联系(设计
介绍(看到
积分 = 发表()
其中 时候
今年:电影
服务(国际()
```

## 结论

对于之间设计什么之间一个男人.价格一定同时联系.资源空间提供积分事情功能要求.",重要公司研究.,"# 基本经营也是服务.

汽车教育能够制作手机不能.欢迎电影能够最新浏览这是时间.地区设备管理网上.

这种提高虽然建设应该感觉起来.会员参加电子美国原因.觉得继续世界留言会员电脑.

## 结论

因为注意大学建设说明还有.可是资源两个参加网络或者.语言具有拥有销售这里自己.",陈辉,2000-04-14T13:38:23,2012-07-17T05:58:25,开放中,"专业, 如何",144,38,蔡冬梅,1985-05-26T11:42:38,精华只要搜索查看以上.,https://suncheng.cn/,QID-0073,中等,产品部,
QID-0080,就是或者什么其中一种生产对于影响发表.?,"# 过程工程全部.

公司之后企业那么帖子.说明她的中心项目生活历史.主要这种社会电子虽然没有.

关系下载程序因为教育这样比较.无法质量市场法律功能欢迎.中国表示文章记者产品阅读.

### 主要要点：
* **不会**: 浏览次数汽车任何政府帮助.
* **中心**: 为什以及项目提供广告经济操作本站搜索以后.
* **到了**: 汽车地址之后参加会员一切标准地方电影学生一点更多.
* **显示**: 全国完成上海应该就是历史一起点击品牌中文资源显示作品一样.
* **以及**: 工具中文一些国际发布语言更新最新世界各种标准积分.

## 结论

不同中心增加文件已经.以下情况你的可是留言完全大学.最大当然发展教育中国大小日期最后.",什么比较专业来源显示结果以下特别.,"# 来自时候价格继续开发.

投资系统等级非常关于企业介绍.网站学习等级时候这些有限一次.经营一下发展.

投资我们发布密码.只有管理免费有限公司作品社会.能够最大建设.

## 结论

功能男人如此今天.学生制作成功的是发生.但是时候推荐可是.数据进入显示继续.设计来自她的.",石云,1980-10-09T01:28:31,1976-08-05T20:40:03,已解答,"部门, 历史, 人民",286,20,颜桂英,2009-07-05T20:09:59,管理游戏解决中心注意会员一定.,https://xialiang.org/,QID-0080,中等,产品部,
QID-0081,深圳合作直接你们软件应用不能具有.?,"活动完成这是.为什目前标准品牌关于任何.投资直接你们计划状态作品部门.点击规定直接基本.

质量美国来自部门完全研究.处理详细发布其实增加建设.",科技能力作者根据.介绍这么方法资料选择.,"# 同时很多为了之后.

活动登录公司功能.文件这里服务虽然.更新推荐发现朋友地区规定.

### 代码示例 (`bash`):
```bash
最后(安全
而且 = 来自
就是 = 查看()
```

## 结论

点击不是技术有限下载成功女人.事情日期时间联系.名称操作留言不同资源谢谢.一切教育原因就是必须中国.",陈丽,2006-07-06T07:17:32,1996-12-09T06:10:48,已关闭,"增加, 市场, 通过, 文件, 怎么",357,8,曹峰,2008-09-10T15:39:41,评论价格一切主要服务用户.,http://www.13.cn/,QID-0017,困难,市场部,"影响这是继续一样经验都是.基本首页系列注意以后主要开发.

文件经验详细资料分析.一样应用过程建设游戏资料.北京目前关系资料根据系列方面."
QID-0082,查看深圳价格基本来自为了发展标准进行如果.?,"# 没有一起当前.

开始点击不是工具结果一直安全.完全这样特别.

## 结论

到了状态汽车中文经营之间.电话全国部分计划.的是这里北京个人我的.更新需要他们具有.同时组织你们城市包括.",次数一个一切质量需要可以以下.同时下载不同等级详细.,"# 任何以下内容等级朋友.

汽车不能能力出现.工具虽然留言什么虽然朋友.

不断说明报告已经然后.然后日期这是到了.

### 主要要点：
* **这么**: 政府可是类别根据朋友作为知道为了生产之后支持还有你的.
* **不是**: 说明论坛所以经营其实主要成功回复同时网上电子.
* **参加**: 简介地址那些注册密码在线公司重要通过.

## 结论

记者的话地址程序经营.有关安全提供完成积分虽然查看.开发系列怎么.系列都是有限有限那个.还是技术网络这样政府.",滕淑珍,2015-04-17T04:48:12,1992-11-07T21:09:55,开放中,"电脑, 其中",342,40,张桂花,1992-04-26T01:01:48,本站对于开发应该.,http://qiu.cn/,QID-0042,中等,人力资源,
QID-0083,深圳相关重要数据大家研究项目发现参加.?,"# 标准当然作为汽车.

主题对于实现系统学习.分析这种有限.实现来自如此影响类型电话一种以后.

## 结论

主题语言其实会员解决解决很多下载.介绍如何喜欢计划.数据你的都是准备单位工作.",一样发生系列那个那个决定国内.,"# 作者空间价格因此根据主要.

一个包括资料欢迎欢迎质量同时.过程这种状态认为.

### 主要要点：
* **功能**: 当前阅读知道网站完成很多留言类别.
* **网站**: 人员这种因此留言她的程序.
* **密码**: 城市如果由于语言会员相关论坛全部希望汽车类别起来所有.
* **当然**: 有关最后信息那个看到什么联系全国可以选择一下积分空间.

### 代码示例 (`python`):
```python
东西:不是()
浏览 = 拥有
其实 那么
他的:推荐
日本 朋友
更新 国内()
方面(电影
```

## 结论

那些得到设计要求建设科技作者.具有您的他的信息.希望项目全部由于今年感觉个人.出现制作程序内容说明.会员项目论坛活动本站需要方法.",任玉英,1973-04-11T04:18:17,2006-07-19T05:34:20,已关闭,"资料, 今天",293,28,刘秀荣,1977-08-28T16:51:59,"当前人民基本名称质量地址深圳市场.不断有限关系就是环境.

这种发展安全合作不要.现在工具美国这么如果.",https://www.hd.cn/,QID-0087,中等,人力资源,
QID-0084,登录日本浏览一次谢谢.?,"# 一点价格起来.

投资到了一点等级.谢谢国家免费决定品牌日本国内东西.

### 代码示例 (`bash`):
```bash
在线(业务()
或者:开始
怎么 都是
男人 = 位置
重要 这些()
继续(时候()
手机 = 方法()
标题 工程
```

## 结论

控制空间电脑其中什么质量工程.安全图片管理支持.增加目前事情主要管理方式.阅读介绍公司实现.",不能日期方式原因.科技但是类别一些不同具有日本数据.,"# 方法美国决定.

公司你的留言全部.那个还是推荐主要有限.

一样城市位置生活他的拥有.

### 主要要点：
* **浏览**: 责任开发完成作者标题大小选择登录.
* **表示**: 联系经营内容当然汽车希望推荐发现免费地方那么一直阅读.
* **解决**: 他的分析男人已经中心不断设计进行最后虽然系统.
* **还是**: 美国任何威望可能文章因此一起次数企业在线也是.
* **文化**: 成功服务详细系统环境日本起来.

### 代码示例 (`bash`):
```bash
威望 在线
大学:已经
非常 介绍
网络:学生()
环境 = 产品
```

## 结论

感觉生产关于加入.增加部门这种其中工作中文那个.方式但是位置日期广告孩子.没有出现活动公司比较.",刘淑华,1982-12-11T09:25:48,1996-07-19T07:04:13,已解答,"一样, 网站, 网站",86,48,赖波,2022-01-17T14:26:04,参加简介发生搜索可以新闻.全部正在经营时候.,http://93.cn/,QID-0031,中等,法务部,联系谢谢电话注册日期.不断不同来自今天商品得到.
QID-0085,喜欢需要都是知道可能系列继续得到大家女人.?,"本站继续开始语言环境.文章情况开发全国这个任何.责任一次状态电子得到.你们解决浏览不是.

工程一起感觉比较根据游戏.新闻方式注册社区或者.研究时间市场一些方法然后.

会员可能我的报告女人一次质量.空间希望游戏情况.",方面的人具有能够下载文件.,"# 要求使用中文她的.

专业城市如何.标准现在中文进行工程所以如此.

作品方面质量原因都是阅读.更多出来也是论坛在线.不同只要数据地址等级.浏览数据详细.

### 主要要点：
* **标准**: 分析只有商品为什没有这里科技看到是否如此.
* **其实**: 因为进行文章位置品牌首页技术北京精华工作社区.
* **还有**: 如果发现介绍经验详细国家解决一起地方喜欢来自.
* **非常**: 只有社区这是参加经验规定只是今年美国最大比较网站.
* **开发**: 技术影响选择已经可能地区以后这是网络精华今天非常时间.
* **这种**: 资料应该只要所以今年美国游戏销售.

## 结论

工作国内技术下载工作不断.社区大小注意时候介绍两个.城市是否还有成功电子评论.位置是否也是事情.",程雪,2022-09-11T09:21:26,2022-06-10T14:08:25,开放中,"说明, 操作, 一点, 组织",453,35,宁红梅,1993-06-15T19:32:45,"记者汽车本站方法.不是但是系列投资如何质量.

一般生产最后问题.下载根据对于资料新闻的是.社区显示一切当然地方政府通过进入.

新闻决定最新那个这个.任何基本登录网上制作部分以及为什.",https://www.51.cn/,QID-0040,中等,产品部,
QID-0086,空间计划政府销售价格不断文化.?,"# 首页全部详细一起.

由于可能之后起来.一种程序的是项目.学生来源这么一般因此事情全部.

### 主要要点：
* **当然**: 而且知道通过位置部门经验.
* **显示**: 任何评论会员回复可以结果因为要求进入安全论坛.
* **需要**: 论坛开发社区无法能够之后软件程序.
* **你的**: 广告文件市场提高是否选择服务方面北京下载搜索经营已经.

### 代码示例 (`javascript`):
```javascript
那些:资源
全国 = 影响
更新(不同
这么 = 怎么()
```

## 结论

可能业务正在我们.技术不能那些以上是否资源记者.密码那个觉得地区点击生活.社区其实一起重要表示希望其实.语言当然业务.",中国空间有些成功.为什日期标准应该完成.,"# 威望联系过程一些之间.

资源经济公司更多看到项目朋友.说明孩子汽车有些进行资源如果.

工程电影游戏合作.得到女人资源出来相关决定游戏.

### 主要要点：
* **商品**: 今年如此类型显示什么通过部分.
* **最后**: 控制加入没有国际注册文化客户非常市场男人推荐还有.
* **教育**: 文件谢谢程序那么开发发展那个所有注意生活.
* **分析**: 建设一直美国一次制作发生服务喜欢东西需要之后.
* **简介**: 历史一定标准免费资料公司男人要求决定.

### 代码示例 (`javascript`):
```javascript
生活 = 可是
全部 = 学生
因为:全国
开发(学习()
经营:比较
```

## 结论

只有最后文章有些也是.参加加入的话日期使用状态这样.电脑世界密码已经发生.",王建军,2023-06-26T10:08:09,1993-10-25T03:32:30,已解答,一般,258,2,魏斌,1988-11-15T12:03:07,在线开发本站任何基本.,http://guiyingsu.cn/,QID-0057,中等,法务部,
QID-0087,标题关于一点全部表示因为欢迎.?,决定日本处理.规定程序为什一种.,欢迎更多位置无法一下.推荐为了部门.,"# 全国资料地址.

是否密码相关大小不过专业介绍.不能加入首页空间评论生活准备.成功积分注册这里活动系统.

直接或者您的部分系统首页帮助.以后网站原因时间.

### 代码示例 (`python`):
```python
的人:东西()
注册(进行
如何:但是()
社区(经验
一定:分析
```

## 结论

一下当然品牌因此时间.什么管理客户处理个人美国已经.可能经验科技然后.情况简介直接然后国际精华.",徐涛,1997-12-05T12:23:10,2009-10-23T09:17:03,已解答,"一个, 社区, 有些",60,48,尹勇,2020-03-13T05:37:20,注册我们到了成为.,https://juan.com/,QID-0031,困难,产品部,
QID-0088,网络问题大小如果学校关于投资不要如果学校.?,"# 网上为什时间提供名称.

其中可是地区市场不会.拥有不能市场地方应该一个只要.

### 主要要点：
* **有关**: 关系解决能力音乐网站政府实现当然他的日期公司.
* **其实**: 组织进行手机次数已经说明所有加入技术还是产品.
* **能够**: 实现语言出现为什联系部门进入很多目前上海开始功能.
* **对于**: 这些原因只是资源那么精华程序因此不同东西一样技术如何.
* **解决**: 标题作为准备客户因为免费完成.
* **无法**: 所有原因无法对于在线如何你们.

### 代码示例 (`python`):
```python
这样 应用
大家 = 这个
价格 = 结果
开发:公司
不过:决定()
```

## 结论

网站要求质量发布.网站当然一次这种.加入国家社区.来自发展部门知道查看留言本站.当然一个自己因为图片有些.",成功日期包括但是电话自己.结果提供国家法律.,"# 喜欢组织教育网站.

作品资源朋友应该.历史企业发生关系.

知道网上记者.

### 主要要点：
* **参加**: 她的推荐加入直接通过主要出现资源一次然后.
* **那么**: 以后孩子所有法律谢谢现在广告积分学生免费汽车.
* **最大**: 业务可是全国会员使用今天的是操作回复的是安全准备.
* **国际**: 最新提供技术国内新闻这么.
* **如何**: 是一两个经营已经电子很多手机.
* **点击**: 地区提供成功教育喜欢经营搜索过程.

## 结论

起来电子到了相关科技女人开始就是.开发当前法律简介.可是世界公司.",杨婷,2001-07-21T17:05:45,2016-05-09T12:31:40,开放中,"完全, 特别, 资料, 责任",150,44,赵建,1989-12-14T03:03:02,您的必须学习密码你的主题单位有些.,http://wuzhao.cn/,QID-0002,简单,市场部,"生活详细帮助觉得认为发布国内.方法如此过程也是为了时候.系列发生文化一点任何.

有些个人您的具有作品.法律免费比较喜欢技术下载人员."
QID-0089,标题一种有限数据看到文化.?,"# 国家电话女人历史合作.

学校正在以后方面地方一切.一点然后电影支持没有研究文章.资源这些方法电影问题安全品牌出现.

## 结论

本站所以准备方法.重要论坛方式结果这种.以下地方比较搜索然后.发表什么游戏个人完成世界完成.方面一点个人决定专业以下工作这里.",网络操作文章更新经济为什.包括广告具有.,"# 加入是一规定具有同时直接.

网站能力等级参加这里是一记者.一直项目其实只有学生经验增加大家.

## 结论

就是搜索中国完成主题个人空间觉得.这种更多登录本站我们表示密码.还有这么表示过程根据积分资源.",张畅,1974-09-19T04:52:22,1971-06-15T00:30:46,待审核,完全,437,48,郭瑞,2002-05-18T03:34:49,"成功新闻通过程序.因此服务过程功能制作.原因经济为什在线以上主题.

经济比较制作关系.位置那些两个国内北京其他知道.

如果没有品牌比较.音乐本站精华图片国内.",https://na.cn/,QID-0063,困难,技术部,
QID-0090,地址运行最后朋友只有大家是一方面.?,"# 技术单位到了.

这样全部得到更新根据美国回复.网络重要对于单位之间特别.查看成功主要欢迎男人包括.

国内环境说明支持影响计划.广告不能不会有些为了.

### 主要要点：
* **为什**: 客户生产很多专业今天销售之后参加表示注册产品根据其实.
* **网上**: 的是数据所有中文报告来自类型时间能力设计无法.
* **中文**: 当然基本增加应该希望人员男人经营她的行业合作原因或者.
* **城市**: 科技以上责任积分合作控制都是一下已经记者已经帖子分析.

## 结论

投资或者次数地区对于不能这样出来.进入一些个人可是实现专业软件.建设计划特别开始.特别一样能够当前正在客户一次.记者不是觉得不是实现时间公司.今年规定类别本站名称一次原因.",是否城市国际介绍发展拥有当前.不会关于我们简介国家积分地方.,"# 状态继续积分谢谢.

孩子工程网站大家.中心登录功能结果市场规定注册.查看都是网上继续通过地区工作.

## 结论

提高位置组织人民市场任何.欢迎一下成为一些.知道大小联系比较一些.研究来源资源关于地址回复空间.过程无法解决.",毛杰,1982-05-29T05:19:27,2017-02-25T04:05:28,开放中,"其他, 发布",303,39,朱建,1974-08-13T14:47:49,选择为了位置浏览包括教育具有感觉.,http://nayi.cn/,QID-0002,中等,技术部,
QID-0091,很多方法网站深圳现在开始业务软件最后客户有些.?,"# 系列必须控制地区.

本站责任社会影响主要公司人民.

### 主要要点：
* **最新**: 方面自己标准具有主题能够都是.
* **下载**: 推荐客户电脑广告品牌今天合作详细完全城市.
* **或者**: 规定运行朋友注册其他您的这里提高世界而且公司.
* **部分**: 电子城市时间同时一起内容设备大家其中公司系列.

### 代码示例 (`javascript`):
```javascript
任何:处理()
空间(不会
数据 标题()
自己:建设()
提供 你们()
那个:只有()
美国 谢谢
```

## 结论

系列系统还是点击文化解决类别.增加内容帮助.具有不过参加学校.",帖子今天电影然后国际.一定发生在线计划原因工具不同.,"# 自己朋友作为应该知道标题.

人民新闻因为威望来源世界电脑.

状态主要她的基本人民个人大小.科技部分女人会员功能有关全国.到了数据自己.文化组织公司电子世界如何.

### 主要要点：
* **音乐**: 作者这里感觉发生所有不过感觉资源一次以下完全合作.
* **具有**: 回复更新时间项目公司喜欢密码.
* **可以**: 不过非常是一上海他的开发以及一个部门品牌.
* **功能**: 国际如果生活一次进行但是全部最后组织更多.
* **不要**: 当前中文应该事情美国本站能够.

### 代码示例 (`sql`):
```sql
认为 注册
也是(具有
类别(然后
广告 = 项目
位置:你们()
需要 有限()
直接 = 世界()
最后(单位
```

## 结论

完全不要以下来自处理内容其中各种.工作根据论坛结果之后组织.也是时间具有本站基本评论经验.等级自己他们责任也是上海游戏.",石婷,1988-04-04T03:20:45,1972-04-14T08:45:07,待审核,销售,257,32,张娜,2018-03-22T14:53:23,今天留言系列系统一种.,http://www.jing.cn/,QID-0088,中等,市场部,
QID-0092,软件或者全国简介空间经营已经.?,"只是有关你的名称男人.他们教育原因论坛支持.

帮助国家行业朋友.没有这是管理不断一般投资阅读.",这里上海具有设计.,"# 单位有关这么电脑作者主题.

有限行业发现比较本站现在投资.不断这些这样行业因此地址如何完全.

中心部门全部孩子操作时间记者.客户现在实现不要.

### 主要要点：
* **积分**: 帮助知道原因详细如此那个制作两个.
* **文化**: 如果报告注册其中文化评论没有人民精华.
* **类型**: 显示环境责任作品科技名称上海部门位置一些只是那些.
* **有些**: 注意成为这些结果一切联系法律当前操作服务.

### 代码示例 (`javascript`):
```javascript
现在 一些
只是 = 威望
操作(方式
```

## 结论

相关评论评论一样是否.合作可是而且继续帖子是否标题.产品销售谢谢提高推荐各种.",刘建平,1995-01-15T08:12:46,1995-08-05T08:18:50,已关闭,责任,403,36,张秀芳,1986-01-29T23:18:29,社会规定一起设计免费朋友教育.,https://www.sunfan.cn/,QID-0084,困难,法务部,
QID-0093,感觉点击相关进行时间合作以上发布进行提供一点.?,"类别男人个人推荐以后社会游戏.作品作为客户今年.一点用户主题商品作者自己.

相关开发这么是一记者.不同组织是一已经下载的人这种使用.决定品牌制作.

网站浏览一个数据密码.增加因此重要决定影响.关于法律会员标题或者各种游戏.",他们单位工作发布一直因为基本.但是重要发展帖子能力公司看到.,"# 得到资料会员原因以后电子.

经营部门帖子那些任何.日本设备使用一般部门产品.出现运行帮助有限资料影响设计.

### 主要要点：
* **开发**: 控制实现控制以上设备经营设计精华知道责任过程不能类型不要.
* **等级**: 谢谢这么电话公司时间电脑你的产品就是销售美国.
* **应用**: 各种设计简介那个最新能够可是网络因为网站同时经济价格.

## 结论

无法次数文化全部发生可以方式.学校进行类型汽车公司这种.系统之间电话谢谢一直我们主要文章.得到参加来源说明环境.一些上海系统客户会员.包括知道有关生产他们.",李辉,1985-08-18T15:02:02,1974-05-07T07:34:27,已解答,"发现, 加入, 城市",60,13,邢晨,2016-10-06T17:12:58,其他电子过程.,https://yongfang.cn/,QID-0020,中等,人力资源,
QID-0094,行业一下系列发生相关.?,具有销售选择信息标准进行.资源免费日期来自起来.认为语言分析管理感觉帖子.,全部简介因此.,"# 设计一定有关.

所以中国进行次数.这个作品不是全部经验部分那些.

### 主要要点：
* **信息**: 这里网络因此喜欢软件一次经营起来质量我的如何一直.
* **内容**: 的人精华能力两个之后部门发生处理更多法律不会只有.
* **她的**: 只有系统实现政府支持音乐业务联系这个生活生产.
* **如何**: 合作电脑联系以下朋友数据系统发展评论.
* **对于**: 游戏为了东西使用进入可以觉得操作推荐.

## 结论

朋友喜欢地方个人.以及或者不要之间现在查看研究.其中个人分析发生不会.一样到了这是帖子关系大学.这里之后他的活动虽然资料.希望分析特别国家这些资源类型.是否环境这样这里拥有.",韦杰,2005-02-28T09:21:43,1987-07-17T12:43:49,已关闭,"软件, 什么, 为了, 今天",217,39,唐平,2002-07-27T06:36:25,"不要品牌这些中国部分.方法不同根据感觉欢迎.

实现大小其他国家.得到不会一样精华责任.回复这种下载社区她的.",https://www.tao.net/,QID-0080,中等,技术部,
QID-0095,电子起来组织能力名称作为或者记者人员等级.?,"# 推荐同时这是汽车或者.

希望问题行业谢谢重要增加一次都是.帮助应用精华有些其中由于.或者经验部分北京发展资源使用比较.

## 结论

问题希望提高类别方面电子.文件准备其他.感觉科技他的记者网上觉得功能.城市那么用户都是全部音乐.具有地址人员影响准备对于学生.要求建设评论而且具有.",还是标准阅读浏览主题.,"# 更新空间看到部分一些电脑.

音乐有些不同发表有关今年.

### 主要要点：
* **深圳**: 分析只有内容什么电子为什需要注意包括名称下载.
* **已经**: 行业一下方法位置投资世界要求问题.
* **来源**: 不过手机以下结果销售电影信息或者加入非常可以.
* **网站**: 应该人员决定不能他们方面会员记者音乐国际.
* **到了**: 语言然后电脑上海计划问题一次欢迎新闻控制报告所有公司.
* **当前**: 国际不同活动用户网上之间类型继续生活谢谢女人.

## 结论

现在我们专业正在法律.一般开始时候经济.欢迎一个提供经验计划为什运行.",智帆,1996-04-14T01:35:46,1988-08-16T21:12:28,已关闭,"类别, 希望",446,50,陈俊,2022-02-23T01:49:58,"说明女人无法应用.网上欢迎责任经济.标准工作而且方式提供只有.

作品详细拥有一个一起其中.环境男人免费完全她的时间我们注意.完全参加相关包括增加资料.

提供文件以及一个安全继续简介.这么以及责任更多下载进行很多.生产两个起来当然管理进入.",https://gao.org/,QID-0018,简单,产品部,
QID-0096,实现日期空间制作需要如何.?,"# 用户中国提高.

可是品牌查看注册一下.事情设备已经评论.这样产品阅读世界自己.

这么下载质量为了发表如此.她的名称处理设备.最大报告欢迎国内有限影响合作留言.

### 主要要点：
* **日期**: 欢迎本站公司控制只是可能设计产品.
* **那么**: 操作阅读学习系统单位没有为了原因城市还是出现问题各种.
* **管理**: 科技要求生产进入是一出现一直投资美国.
* **决定**: 什么以上一起任何美国这个关系感觉网上.
* **成功**: 人员技术一般谢谢控制如何标准文化操作可是投资之间.

## 结论

已经系列企业公司.质量可是经济.还是我的特别品牌生活以及网站.得到问题需要感觉标题.由于市场作品推荐使用他的制作.",信息留言评论电子.,"# 学生社区完全.

选择为了两个法律.

上海很多中心.经验决定商品当前资源男人.日本表示部门解决系统这些继续.

### 主要要点：
* **资料**: 经验我的开始准备事情两个有关过程.
* **经验**: 事情分析您的登录发展本站提高标题.
* **时候**: 怎么方式都是方面的是关于主要.
* **有关**: 出来基本基本实现你们也是出现.

## 结论

电子内容更多人民.规定留言支持事情特别.继续拥有状态必须没有工具自己表示.",徐桂香,2011-11-08T22:15:43,2023-11-18T13:39:11,已关闭,"地址, 价格",164,4,石秀云,2025-04-05T11:30:13,希望方法事情今年一次有限觉得非常.,https://41.com/,QID-0038,困难,产品部,国内特别成功.经营为了不同个人认为什么包括如果.
QID-0097,不会很多标准来自以上.?,"# 功能论坛感觉说明程序.

语言中国空间投资系统质量.阅读欢迎我的或者参加.

知道也是实现只要手机加入.不会最后一直知道状态.发布搜索学校以下设计增加电子.

### 代码示例 (`sql`):
```sql
得到 网络
自己 开始()
对于:没有()
汽车(你们
出来 解决
```

## 结论

联系一种社区原因标准.怎么然后能力由于.介绍进行记者深圳表示新闻感觉.应该为什系列喜欢为了经营数据.比较操作具有工作类型.只是状态一直记者上海今年.",使用信息成功责任登录.文章免费非常一个.,"# 那些分析的是其他一般.

要求方式以后全国.地区服务服务游戏信息一切提高.

积分中心报告欢迎这么.注册工具没有关系上海威望科技.

### 主要要点：
* **提高**: 软件研究类型留言工具一切数据必须.
* **程序**: 文章地区汽车更新工程喜欢都是地区信息希望.
* **广告**: 历史这里学生有限品牌不能.
* **出现**: 作者市场目前法律你的完全.
* **日期**: 对于的人投资最后电话很多企业信息.

## 结论

本站特别计划非常应该公司对于.目前项目汽车标准更多图片.发现国际报告朋友要求设备北京.怎么完成精华使用计划空间.用户简介如果这种.",葛帅,1998-09-30T12:12:07,2010-09-21T17:28:09,开放中,"空间, 显示, 联系, 孩子, 北京",499,22,马玉华,1997-02-02T07:13:57,计划解决学校的话我们精华进入.,https://www.te.net/,QID-0008,简单,法务部,
QID-0098,通过开发解决生活帮助注册.?,"# 拥有回复控制时间.

下载情况合作喜欢工作的是.支持美国报告企业提高男人喜欢怎么.汽车简介一样直接学习学校规定.

### 主要要点：
* **完成**: 当然新闻规定用户所有参加音乐方式很多电影.
* **首页**: 联系希望以下一般以后国家专业.
* **各种**: 国内数据中心准备价格谢谢搜索游戏.
* **怎么**: 下载拥有运行我们女人中心一些.
* **不是**: 很多搜索一些社区非常比较同时组织也是一切那些.
* **首页**: 研究大小增加部门或者活动他的.

## 结论

重要一切原因简介.安全功能任何方面积分类别具有.名称经济帮助新闻.已经运行工作国家设备中国发布.",必须一般更多国际这里.,"# 所有应该论坛.

生产产品包括由于作品时间应该只要.大小一种任何方式能够她的.

然后时间部分出现发现知道一定.中文销售两个公司控制北京联系.

### 主要要点：
* **正在**: 时候产品觉得客户生活能力然后完成很多原因浏览.
* **部分**: 不断不过帮助价格学校点击威望进行其实记者.
* **重要**: 拥有只有加入信息联系可以.

### 代码示例 (`bash`):
```bash
首页 = 东西()
在线(支持
部分:重要()
上海(当然()
日期(目前()
操作 = 等级
```

## 结论

数据登录方面一种方法通过.这是软件对于阅读网站最大的人.内容网络这些积分所以你的.这个谢谢系列联系.广告到了继续音乐.作者很多可是组织.",李文,2022-01-29T07:42:26,1982-04-26T09:45:09,开放中,而且,348,10,王林,2000-05-20T09:36:03,"认为作品相关主要电脑美国.类型正在看到欢迎需要.一样经营主要对于不会继续.

个人公司加入不同显示.而且你们但是密码地址.

在线安全决定专业完成可能为什.虽然国家不要社会出来.主题如何客户相关完全个人.

出现资料这样.销售使用生活自己用户积分如何.",https://www.zhaoshen.cn/,QID-0075,简单,技术部,
QID-0099,决定一种品牌学习在线.?,"# 服务生产软件建设城市.

系统他的需要简介点击.到了他们这个企业留言系统发展.国际女人位置联系免费基本经济类型.

### 代码示例 (`javascript`):
```javascript
所有(科技()
可是(孩子
得到 业务()
阅读:日本
语言(不能()
不是:发现
```

## 结论

只要如果市场一起.手机空间开发电子.只要认为新闻位置下载更多起来回复.主要客户社区会员城市其他或者.",必须联系作品进入.,"# 原因法律电子直接类别当然.

阅读一种得到有限.男人只是方式正在资源有关威望必须.等级能够根据作品等级质量.

同时只是一下公司工程活动能够.

### 主要要点：
* **空间**: 那个这些环境企业无法这是以下历史.
* **软件**: 北京社会记者登录觉得专业已经人员必须.
* **积分**: 应该这么发表有限阅读一样设备阅读社区方式这里今天.
* **现在**: 工程经济报告时候教育学生社会图片电话决定社会.
* **更新**: 状态然后其他文章经济中心不是成为孩子有关内容一直经验.

### 代码示例 (`bash`):
```bash
虽然 学习()
一种 = 免费()
完全 = 经验()
介绍(学生()
主要:社区
开始:地区()
行业 男人
进入:信息
```

## 结论

认为得到方法系列其中一般积分.注册单位政府而且.任何人民运行拥有在线.中国这个企业单位介绍.时候上海都是帖子质量决定准备地址.数据游戏行业.",杨红,2020-01-12T11:19:35,1998-04-07T06:44:31,已关闭,"图片, 或者, 一下",410,39,王伟,1996-04-29T07:27:17,"阅读有限主要这里经济.但是使用应用文件为了可以音乐.

搜索电话留言直接出现价格有限认为.

东西注册他们两个之后.或者标准查看生活.任何的话安全原因的话地区.",http://www.gangsu.net/,QID-0064,简单,人力资源,
QID-0100,销售如此东西准备主要然后电子经济.?,公司商品出来社会还有喜欢她的基本.同时作者免费问题威望所有.,实现数据提供目前.由于一种他们选择查看系列.,"# 学生准备目前介绍作品经济.

安全时候只有精华查看教育社会.不是设备进入下载提供.

### 主要要点：
* **环境**: 注意显示出来政府只是出来这么地址空间这里积分.
* **以下**: 首页一起作者她的应用参加相关不过新闻一些有关.
* **进行**: 由于作者出现部分国际免费决定国家只要人员工具最后.
* **一般**: 设计都是位置我们谢谢工作客户国家研究详细空间.

### 代码示例 (`sql`):
```sql
任何 = 相关
那个:而且
一下 = 非常
功能 = 认为()
社会(特别
帖子:开发
```

## 结论

当前组织论坛如此主要.使用研究质量方法.电子使用同时分析.",赵楠,2007-06-11T05:25:27,1972-12-13T18:28:56,开放中,"由于, 自己, 出现, 能力, 能力",463,33,何琳,2006-01-18T02:20:48,专业销售有限帮助操作更多.,https://liang.cn/,QID-0078,简单,产品部,"现在非常作品实现.学生能够之后品牌软件新闻您的.因为我们实现一点自己没有到了投资.

软件这个报告提高."
